gwcode,year,missing_values_in
2,2021,"dv_v2x_freexp_altinf_down_next2, dv_v2x_freexp_altinf_up_next2, dv_v2x_horacc_osp_down_next2, dv_v2x_horacc_osp_up_next2, dv_v2x_pubcorr_down_next2, dv_v2x_pubcorr_up_next2, dv_v2x_veracc_osp_down_next2, dv_v2x_veracc_osp_up_next2, dv_v2xcl_rol_down_next2, dv_v2xcl_rol_up_next2, dv_v2xcs_ccsi_down_next2, dv_v2xcs_ccsi_up_next2"
20,2021,"dv_v2x_freexp_altinf_down_next2, dv_v2x_freexp_altinf_up_next2, dv_v2x_horacc_osp_down_next2, dv_v2x_horacc_osp_up_next2, dv_v2x_pubcorr_down_next2, dv_v2x_pubcorr_up_next2, dv_v2x_veracc_osp_down_next2, dv_v2x_veracc_osp_up_next2, dv_v2xcl_rol_down_next2, dv_v2xcl_rol_up_next2, dv_v2xcs_ccsi_down_next2, dv_v2xcs_ccsi_up_next2"
40,2021,"dv_v2x_freexp_altinf_down_next2, dv_v2x_freexp_altinf_up_next2, dv_v2x_horacc_osp_down_next2, dv_v2x_horacc_osp_up_next2, dv_v2x_pubcorr_down_next2, dv_v2x_pubcorr_up_next2, dv_v2x_veracc_osp_down_next2, dv_v2x_veracc_osp_up_next2, dv_v2xcl_rol_down_next2, dv_v2xcl_rol_up_next2, dv_v2xcs_ccsi_down_next2, dv_v2xcs_ccsi_up_next2"
41,2021,"dv_v2x_freexp_altinf_down_next2, dv_v2x_freexp_altinf_up_next2, dv_v2x_horacc_osp_down_next2, dv_v2x_horacc_osp_up_next2, dv_v2x_pubcorr_down_next2, dv_v2x_pubcorr_up_next2, dv_v2x_veracc_osp_down_next2, dv_v2x_veracc_osp_up_next2, dv_v2xcl_rol_down_next2, dv_v2xcl_rol_up_next2, dv_v2xcs_ccsi_down_next2, dv_v2xcs_ccsi_up_next2"
42,2021,"dv_v2x_freexp_altinf_down_next2, dv_v2x_freexp_altinf_up_next2, dv_v2x_horacc_osp_down_next2, dv_v2x_horacc_osp_up_next2, dv_v2x_pubcorr_down_next2, dv_v2x_pubcorr_up_next2, dv_v2x_veracc_osp_down_next2, dv_v2x_veracc_osp_up_next2, dv_v2xcl_rol_down_next2, dv_v2xcl_rol_up_next2, dv_v2xcs_ccsi_down_next2, dv_v2xcs_ccsi_up_next2"
51,2021,"dv_v2x_freexp_altinf_down_next2, dv_v2x_freexp_altinf_up_next2, dv_v2x_horacc_osp_down_next2, dv_v2x_horacc_osp_up_next2, dv_v2x_pubcorr_down_next2, dv_v2x_pubcorr_up_next2, dv_v2x_veracc_osp_down_next2, dv_v2x_veracc_osp_up_next2, dv_v2xcl_rol_down_next2, dv_v2xcl_rol_up_next2, dv_v2xcs_ccsi_down_next2, dv_v2xcs_ccsi_up_next2"
52,2021,"dv_v2x_freexp_altinf_down_next2, dv_v2x_freexp_altinf_up_next2, dv_v2x_horacc_osp_down_next2, dv_v2x_horacc_osp_up_next2, dv_v2x_pubcorr_down_next2, dv_v2x_pubcorr_up_next2, dv_v2x_veracc_osp_down_next2, dv_v2x_veracc_osp_up_next2, dv_v2xcl_rol_down_next2, dv_v2xcl_rol_up_next2, dv_v2xcs_ccsi_down_next2, dv_v2xcs_ccsi_up_next2"
53,2021,"dv_v2x_freexp_altinf_down_next2, dv_v2x_freexp_altinf_up_next2, dv_v2x_horacc_osp_down_next2, dv_v2x_horacc_osp_up_next2, dv_v2x_pubcorr_down_next2, dv_v2x_pubcorr_up_next2, dv_v2x_veracc_osp_down_next2, dv_v2x_veracc_osp_up_next2, dv_v2xcl_rol_down_next2, dv_v2xcl_rol_up_next2, dv_v2xcs_ccsi_down_next2, dv_v2xcs_ccsi_up_next2"
70,2021,"dv_v2x_freexp_altinf_down_next2, dv_v2x_freexp_altinf_up_next2, dv_v2x_horacc_osp_down_next2, dv_v2x_horacc_osp_up_next2, dv_v2x_pubcorr_down_next2, dv_v2x_pubcorr_up_next2, dv_v2x_veracc_osp_down_next2, dv_v2x_veracc_osp_up_next2, dv_v2xcl_rol_down_next2, dv_v2xcl_rol_up_next2, dv_v2xcs_ccsi_down_next2, dv_v2xcs_ccsi_up_next2"
90,2021,"dv_v2x_freexp_altinf_down_next2, dv_v2x_freexp_altinf_up_next2, dv_v2x_horacc_osp_down_next2, dv_v2x_horacc_osp_up_next2, dv_v2x_pubcorr_down_next2, dv_v2x_pubcorr_up_next2, dv_v2x_veracc_osp_down_next2, dv_v2x_veracc_osp_up_next2, dv_v2xcl_rol_down_next2, dv_v2xcl_rol_up_next2, dv_v2xcs_ccsi_down_next2, dv_v2xcs_ccsi_up_next2"
91,2021,"dv_v2x_freexp_altinf_down_next2, dv_v2x_freexp_altinf_up_next2, dv_v2x_horacc_osp_down_next2, dv_v2x_horacc_osp_up_next2, dv_v2x_pubcorr_down_next2, dv_v2x_pubcorr_up_next2, dv_v2x_veracc_osp_down_next2, dv_v2x_veracc_osp_up_next2, dv_v2xcl_rol_down_next2, dv_v2xcl_rol_up_next2, dv_v2xcs_ccsi_down_next2, dv_v2xcs_ccsi_up_next2"
92,2021,"dv_v2x_freexp_altinf_down_next2, dv_v2x_freexp_altinf_up_next2, dv_v2x_horacc_osp_down_next2, dv_v2x_horacc_osp_up_next2, dv_v2x_pubcorr_down_next2, dv_v2x_pubcorr_up_next2, dv_v2x_veracc_osp_down_next2, dv_v2x_veracc_osp_up_next2, dv_v2xcl_rol_down_next2, dv_v2xcl_rol_up_next2, dv_v2xcs_ccsi_down_next2, dv_v2xcs_ccsi_up_next2"
93,2021,"dv_v2x_freexp_altinf_down_next2, dv_v2x_freexp_altinf_up_next2, dv_v2x_horacc_osp_down_next2, dv_v2x_horacc_osp_up_next2, dv_v2x_pubcorr_down_next2, dv_v2x_pubcorr_up_next2, dv_v2x_veracc_osp_down_next2, dv_v2x_veracc_osp_up_next2, dv_v2xcl_rol_down_next2, dv_v2xcl_rol_up_next2, dv_v2xcs_ccsi_down_next2, dv_v2xcs_ccsi_up_next2"
94,2021,"dv_v2x_freexp_altinf_down_next2, dv_v2x_freexp_altinf_up_next2, dv_v2x_horacc_osp_down_next2, dv_v2x_horacc_osp_up_next2, dv_v2x_pubcorr_down_next2, dv_v2x_pubcorr_up_next2, dv_v2x_veracc_osp_down_next2, dv_v2x_veracc_osp_up_next2, dv_v2xcl_rol_down_next2, dv_v2xcl_rol_up_next2, dv_v2xcs_ccsi_down_next2, dv_v2xcs_ccsi_up_next2"
95,2021,"dv_v2x_freexp_altinf_down_next2, dv_v2x_freexp_altinf_up_next2, dv_v2x_horacc_osp_down_next2, dv_v2x_horacc_osp_up_next2, dv_v2x_pubcorr_down_next2, dv_v2x_pubcorr_up_next2, dv_v2x_veracc_osp_down_next2, dv_v2x_veracc_osp_up_next2, dv_v2xcl_rol_down_next2, dv_v2xcl_rol_up_next2, dv_v2xcs_ccsi_down_next2, dv_v2xcs_ccsi_up_next2"
100,2021,"dv_v2x_freexp_altinf_down_next2, dv_v2x_freexp_altinf_up_next2, dv_v2x_horacc_osp_down_next2, dv_v2x_horacc_osp_up_next2, dv_v2x_pubcorr_down_next2, dv_v2x_pubcorr_up_next2, dv_v2x_veracc_osp_down_next2, dv_v2x_veracc_osp_up_next2, dv_v2xcl_rol_down_next2, dv_v2xcl_rol_up_next2, dv_v2xcs_ccsi_down_next2, dv_v2xcs_ccsi_up_next2"
101,2021,"dv_v2x_freexp_altinf_down_next2, dv_v2x_freexp_altinf_up_next2, dv_v2x_horacc_osp_down_next2, dv_v2x_horacc_osp_up_next2, dv_v2x_pubcorr_down_next2, dv_v2x_pubcorr_up_next2, dv_v2x_veracc_osp_down_next2, dv_v2x_veracc_osp_up_next2, dv_v2xcl_rol_down_next2, dv_v2xcl_rol_up_next2, dv_v2xcs_ccsi_down_next2, dv_v2xcs_ccsi_up_next2"
110,2021,"dv_v2x_freexp_altinf_down_next2, dv_v2x_freexp_altinf_up_next2, dv_v2x_horacc_osp_down_next2, dv_v2x_horacc_osp_up_next2, dv_v2x_pubcorr_down_next2, dv_v2x_pubcorr_up_next2, dv_v2x_veracc_osp_down_next2, dv_v2x_veracc_osp_up_next2, dv_v2xcl_rol_down_next2, dv_v2xcl_rol_up_next2, dv_v2xcs_ccsi_down_next2, dv_v2xcs_ccsi_up_next2"
115,2021,"dv_v2x_freexp_altinf_down_next2, dv_v2x_freexp_altinf_up_next2, dv_v2x_horacc_osp_down_next2, dv_v2x_horacc_osp_up_next2, dv_v2x_pubcorr_down_next2, dv_v2x_pubcorr_up_next2, dv_v2x_veracc_osp_down_next2, dv_v2x_veracc_osp_up_next2, dv_v2xcl_rol_down_next2, dv_v2xcl_rol_up_next2, dv_v2xcs_ccsi_down_next2, dv_v2xcs_ccsi_up_next2"
130,2021,"dv_v2x_freexp_altinf_down_next2, dv_v2x_freexp_altinf_up_next2, dv_v2x_horacc_osp_down_next2, dv_v2x_horacc_osp_up_next2, dv_v2x_pubcorr_down_next2, dv_v2x_pubcorr_up_next2, dv_v2x_veracc_osp_down_next2, dv_v2x_veracc_osp_up_next2, dv_v2xcl_rol_down_next2, dv_v2xcl_rol_up_next2, dv_v2xcs_ccsi_down_next2, dv_v2xcs_ccsi_up_next2"
135,2021,"dv_v2x_freexp_altinf_down_next2, dv_v2x_freexp_altinf_up_next2, dv_v2x_horacc_osp_down_next2, dv_v2x_horacc_osp_up_next2, dv_v2x_pubcorr_down_next2, dv_v2x_pubcorr_up_next2, dv_v2x_veracc_osp_down_next2, dv_v2x_veracc_osp_up_next2, dv_v2xcl_rol_down_next2, dv_v2xcl_rol_up_next2, dv_v2xcs_ccsi_down_next2, dv_v2xcs_ccsi_up_next2"
140,2021,"dv_v2x_freexp_altinf_down_next2, dv_v2x_freexp_altinf_up_next2, dv_v2x_horacc_osp_down_next2, dv_v2x_horacc_osp_up_next2, dv_v2x_pubcorr_down_next2, dv_v2x_pubcorr_up_next2, dv_v2x_veracc_osp_down_next2, dv_v2x_veracc_osp_up_next2, dv_v2xcl_rol_down_next2, dv_v2xcl_rol_up_next2, dv_v2xcs_ccsi_down_next2, dv_v2xcs_ccsi_up_next2"
145,2021,"dv_v2x_freexp_altinf_down_next2, dv_v2x_freexp_altinf_up_next2, dv_v2x_horacc_osp_down_next2, dv_v2x_horacc_osp_up_next2, dv_v2x_pubcorr_down_next2, dv_v2x_pubcorr_up_next2, dv_v2x_veracc_osp_down_next2, dv_v2x_veracc_osp_up_next2, dv_v2xcl_rol_down_next2, dv_v2xcl_rol_up_next2, dv_v2xcs_ccsi_down_next2, dv_v2xcs_ccsi_up_next2"
150,2021,"dv_v2x_freexp_altinf_down_next2, dv_v2x_freexp_altinf_up_next2, dv_v2x_horacc_osp_down_next2, dv_v2x_horacc_osp_up_next2, dv_v2x_pubcorr_down_next2, dv_v2x_pubcorr_up_next2, dv_v2x_veracc_osp_down_next2, dv_v2x_veracc_osp_up_next2, dv_v2xcl_rol_down_next2, dv_v2xcl_rol_up_next2, dv_v2xcs_ccsi_down_next2, dv_v2xcs_ccsi_up_next2"
155,2021,"dv_v2x_freexp_altinf_down_next2, dv_v2x_freexp_altinf_up_next2, dv_v2x_horacc_osp_down_next2, dv_v2x_horacc_osp_up_next2, dv_v2x_pubcorr_down_next2, dv_v2x_pubcorr_up_next2, dv_v2x_veracc_osp_down_next2, dv_v2x_veracc_osp_up_next2, dv_v2xcl_rol_down_next2, dv_v2xcl_rol_up_next2, dv_v2xcs_ccsi_down_next2, dv_v2xcs_ccsi_up_next2"
160,2021,"dv_v2x_freexp_altinf_down_next2, dv_v2x_freexp_altinf_up_next2, dv_v2x_horacc_osp_down_next2, dv_v2x_horacc_osp_up_next2, dv_v2x_pubcorr_down_next2, dv_v2x_pubcorr_up_next2, dv_v2x_veracc_osp_down_next2, dv_v2x_veracc_osp_up_next2, dv_v2xcl_rol_down_next2, dv_v2xcl_rol_up_next2, dv_v2xcs_ccsi_down_next2, dv_v2xcs_ccsi_up_next2"
165,2021,"dv_v2x_freexp_altinf_down_next2, dv_v2x_freexp_altinf_up_next2, dv_v2x_horacc_osp_down_next2, dv_v2x_horacc_osp_up_next2, dv_v2x_pubcorr_down_next2, dv_v2x_pubcorr_up_next2, dv_v2x_veracc_osp_down_next2, dv_v2x_veracc_osp_up_next2, dv_v2xcl_rol_down_next2, dv_v2xcl_rol_up_next2, dv_v2xcs_ccsi_down_next2, dv_v2xcs_ccsi_up_next2"
200,2021,"dv_v2x_freexp_altinf_down_next2, dv_v2x_freexp_altinf_up_next2, dv_v2x_horacc_osp_down_next2, dv_v2x_horacc_osp_up_next2, dv_v2x_pubcorr_down_next2, dv_v2x_pubcorr_up_next2, dv_v2x_veracc_osp_down_next2, dv_v2x_veracc_osp_up_next2, dv_v2xcl_rol_down_next2, dv_v2xcl_rol_up_next2, dv_v2xcs_ccsi_down_next2, dv_v2xcs_ccsi_up_next2"
205,2021,"dv_v2x_freexp_altinf_down_next2, dv_v2x_freexp_altinf_up_next2, dv_v2x_horacc_osp_down_next2, dv_v2x_horacc_osp_up_next2, dv_v2x_pubcorr_down_next2, dv_v2x_pubcorr_up_next2, dv_v2x_veracc_osp_down_next2, dv_v2x_veracc_osp_up_next2, dv_v2xcl_rol_down_next2, dv_v2xcl_rol_up_next2, dv_v2xcs_ccsi_down_next2, dv_v2xcs_ccsi_up_next2"
210,2021,"dv_v2x_freexp_altinf_down_next2, dv_v2x_freexp_altinf_up_next2, dv_v2x_horacc_osp_down_next2, dv_v2x_horacc_osp_up_next2, dv_v2x_pubcorr_down_next2, dv_v2x_pubcorr_up_next2, dv_v2x_veracc_osp_down_next2, dv_v2x_veracc_osp_up_next2, dv_v2xcl_rol_down_next2, dv_v2xcl_rol_up_next2, dv_v2xcs_ccsi_down_next2, dv_v2xcs_ccsi_up_next2"
211,2021,"dv_v2x_freexp_altinf_down_next2, dv_v2x_freexp_altinf_up_next2, dv_v2x_horacc_osp_down_next2, dv_v2x_horacc_osp_up_next2, dv_v2x_pubcorr_down_next2, dv_v2x_pubcorr_up_next2, dv_v2x_veracc_osp_down_next2, dv_v2x_veracc_osp_up_next2, dv_v2xcl_rol_down_next2, dv_v2xcl_rol_up_next2, dv_v2xcs_ccsi_down_next2, dv_v2xcs_ccsi_up_next2"
212,2021,"dv_v2x_freexp_altinf_down_next2, dv_v2x_freexp_altinf_up_next2, dv_v2x_horacc_osp_down_next2, dv_v2x_horacc_osp_up_next2, dv_v2x_pubcorr_down_next2, dv_v2x_pubcorr_up_next2, dv_v2x_veracc_osp_down_next2, dv_v2x_veracc_osp_up_next2, dv_v2xcl_rol_down_next2, dv_v2xcl_rol_up_next2, dv_v2xcs_ccsi_down_next2, dv_v2xcs_ccsi_up_next2"
220,2021,"dv_v2x_freexp_altinf_down_next2, dv_v2x_freexp_altinf_up_next2, dv_v2x_horacc_osp_down_next2, dv_v2x_horacc_osp_up_next2, dv_v2x_pubcorr_down_next2, dv_v2x_pubcorr_up_next2, dv_v2x_veracc_osp_down_next2, dv_v2x_veracc_osp_up_next2, dv_v2xcl_rol_down_next2, dv_v2xcl_rol_up_next2, dv_v2xcs_ccsi_down_next2, dv_v2xcs_ccsi_up_next2"
225,2021,"dv_v2x_freexp_altinf_down_next2, dv_v2x_freexp_altinf_up_next2, dv_v2x_horacc_osp_down_next2, dv_v2x_horacc_osp_up_next2, dv_v2x_pubcorr_down_next2, dv_v2x_pubcorr_up_next2, dv_v2x_veracc_osp_down_next2, dv_v2x_veracc_osp_up_next2, dv_v2xcl_rol_down_next2, dv_v2xcl_rol_up_next2, dv_v2xcs_ccsi_down_next2, dv_v2xcs_ccsi_up_next2"
230,2021,"dv_v2x_freexp_altinf_down_next2, dv_v2x_freexp_altinf_up_next2, dv_v2x_horacc_osp_down_next2, dv_v2x_horacc_osp_up_next2, dv_v2x_pubcorr_down_next2, dv_v2x_pubcorr_up_next2, dv_v2x_veracc_osp_down_next2, dv_v2x_veracc_osp_up_next2, dv_v2xcl_rol_down_next2, dv_v2xcl_rol_up_next2, dv_v2xcs_ccsi_down_next2, dv_v2xcs_ccsi_up_next2"
235,2021,"dv_v2x_freexp_altinf_down_next2, dv_v2x_freexp_altinf_up_next2, dv_v2x_horacc_osp_down_next2, dv_v2x_horacc_osp_up_next2, dv_v2x_pubcorr_down_next2, dv_v2x_pubcorr_up_next2, dv_v2x_veracc_osp_down_next2, dv_v2x_veracc_osp_up_next2, dv_v2xcl_rol_down_next2, dv_v2xcl_rol_up_next2, dv_v2xcs_ccsi_down_next2, dv_v2xcs_ccsi_up_next2"
260,2021,"dv_v2x_freexp_altinf_down_next2, dv_v2x_freexp_altinf_up_next2, dv_v2x_horacc_osp_down_next2, dv_v2x_horacc_osp_up_next2, dv_v2x_pubcorr_down_next2, dv_v2x_pubcorr_up_next2, dv_v2x_veracc_osp_down_next2, dv_v2x_veracc_osp_up_next2, dv_v2xcl_rol_down_next2, dv_v2xcl_rol_up_next2, dv_v2xcs_ccsi_down_next2, dv_v2xcs_ccsi_up_next2"
290,2021,"dv_v2x_freexp_altinf_down_next2, dv_v2x_freexp_altinf_up_next2, dv_v2x_horacc_osp_down_next2, dv_v2x_horacc_osp_up_next2, dv_v2x_pubcorr_down_next2, dv_v2x_pubcorr_up_next2, dv_v2x_veracc_osp_down_next2, dv_v2x_veracc_osp_up_next2, dv_v2xcl_rol_down_next2, dv_v2xcl_rol_up_next2, dv_v2xcs_ccsi_down_next2, dv_v2xcs_ccsi_up_next2"
305,2021,"dv_v2x_freexp_altinf_down_next2, dv_v2x_freexp_altinf_up_next2, dv_v2x_horacc_osp_down_next2, dv_v2x_horacc_osp_up_next2, dv_v2x_pubcorr_down_next2, dv_v2x_pubcorr_up_next2, dv_v2x_veracc_osp_down_next2, dv_v2x_veracc_osp_up_next2, dv_v2xcl_rol_down_next2, dv_v2xcl_rol_up_next2, dv_v2xcs_ccsi_down_next2, dv_v2xcs_ccsi_up_next2"
310,2021,"dv_v2x_freexp_altinf_down_next2, dv_v2x_freexp_altinf_up_next2, dv_v2x_horacc_osp_down_next2, dv_v2x_horacc_osp_up_next2, dv_v2x_pubcorr_down_next2, dv_v2x_pubcorr_up_next2, dv_v2x_veracc_osp_down_next2, dv_v2x_veracc_osp_up_next2, dv_v2xcl_rol_down_next2, dv_v2xcl_rol_up_next2, dv_v2xcs_ccsi_down_next2, dv_v2xcs_ccsi_up_next2"
316,2021,"dv_v2x_freexp_altinf_down_next2, dv_v2x_freexp_altinf_up_next2, dv_v2x_horacc_osp_down_next2, dv_v2x_horacc_osp_up_next2, dv_v2x_pubcorr_down_next2, dv_v2x_pubcorr_up_next2, dv_v2x_veracc_osp_down_next2, dv_v2x_veracc_osp_up_next2, dv_v2xcl_rol_down_next2, dv_v2xcl_rol_up_next2, dv_v2xcs_ccsi_down_next2, dv_v2xcs_ccsi_up_next2"
317,2021,"dv_v2x_freexp_altinf_down_next2, dv_v2x_freexp_altinf_up_next2, dv_v2x_horacc_osp_down_next2, dv_v2x_horacc_osp_up_next2, dv_v2x_pubcorr_down_next2, dv_v2x_pubcorr_up_next2, dv_v2x_veracc_osp_down_next2, dv_v2x_veracc_osp_up_next2, dv_v2xcl_rol_down_next2, dv_v2xcl_rol_up_next2, dv_v2xcs_ccsi_down_next2, dv_v2xcs_ccsi_up_next2"
325,2021,"dv_v2x_freexp_altinf_down_next2, dv_v2x_freexp_altinf_up_next2, dv_v2x_horacc_osp_down_next2, dv_v2x_horacc_osp_up_next2, dv_v2x_pubcorr_down_next2, dv_v2x_pubcorr_up_next2, dv_v2x_veracc_osp_down_next2, dv_v2x_veracc_osp_up_next2, dv_v2xcl_rol_down_next2, dv_v2xcl_rol_up_next2, dv_v2xcs_ccsi_down_next2, dv_v2xcs_ccsi_up_next2"
339,2021,"dv_v2x_freexp_altinf_down_next2, dv_v2x_freexp_altinf_up_next2, dv_v2x_horacc_osp_down_next2, dv_v2x_horacc_osp_up_next2, dv_v2x_pubcorr_down_next2, dv_v2x_pubcorr_up_next2, dv_v2x_veracc_osp_down_next2, dv_v2x_veracc_osp_up_next2, dv_v2xcl_rol_down_next2, dv_v2xcl_rol_up_next2, dv_v2xcs_ccsi_down_next2, dv_v2xcs_ccsi_up_next2"
340,2021,"dv_v2x_freexp_altinf_down_next2, dv_v2x_freexp_altinf_up_next2, dv_v2x_horacc_osp_down_next2, dv_v2x_horacc_osp_up_next2, dv_v2x_pubcorr_down_next2, dv_v2x_pubcorr_up_next2, dv_v2x_veracc_osp_down_next2, dv_v2x_veracc_osp_up_next2, dv_v2xcl_rol_down_next2, dv_v2xcl_rol_up_next2, dv_v2xcs_ccsi_down_next2, dv_v2xcs_ccsi_up_next2"
341,2021,"dv_v2x_freexp_altinf_down_next2, dv_v2x_freexp_altinf_up_next2, dv_v2x_horacc_osp_down_next2, dv_v2x_horacc_osp_up_next2, dv_v2x_pubcorr_down_next2, dv_v2x_pubcorr_up_next2, dv_v2x_veracc_osp_down_next2, dv_v2x_veracc_osp_up_next2, dv_v2xcl_rol_down_next2, dv_v2xcl_rol_up_next2, dv_v2xcs_ccsi_down_next2, dv_v2xcs_ccsi_up_next2"
343,2021,"dv_v2x_freexp_altinf_down_next2, dv_v2x_freexp_altinf_up_next2, dv_v2x_horacc_osp_down_next2, dv_v2x_horacc_osp_up_next2, dv_v2x_pubcorr_down_next2, dv_v2x_pubcorr_up_next2, dv_v2x_veracc_osp_down_next2, dv_v2x_veracc_osp_up_next2, dv_v2xcl_rol_down_next2, dv_v2xcl_rol_up_next2, dv_v2xcs_ccsi_down_next2, dv_v2xcs_ccsi_up_next2"
344,2021,"dv_v2x_freexp_altinf_down_next2, dv_v2x_freexp_altinf_up_next2, dv_v2x_horacc_osp_down_next2, dv_v2x_horacc_osp_up_next2, dv_v2x_pubcorr_down_next2, dv_v2x_pubcorr_up_next2, dv_v2x_veracc_osp_down_next2, dv_v2x_veracc_osp_up_next2, dv_v2xcl_rol_down_next2, dv_v2xcl_rol_up_next2, dv_v2xcs_ccsi_down_next2, dv_v2xcs_ccsi_up_next2"
346,2021,"dv_v2x_freexp_altinf_down_next2, dv_v2x_freexp_altinf_up_next2, dv_v2x_horacc_osp_down_next2, dv_v2x_horacc_osp_up_next2, dv_v2x_pubcorr_down_next2, dv_v2x_pubcorr_up_next2, dv_v2x_veracc_osp_down_next2, dv_v2x_veracc_osp_up_next2, dv_v2xcl_rol_down_next2, dv_v2xcl_rol_up_next2, dv_v2xcs_ccsi_down_next2, dv_v2xcs_ccsi_up_next2"
347,2021,"dv_v2x_freexp_altinf_down_next2, dv_v2x_freexp_altinf_up_next2, dv_v2x_horacc_osp_down_next2, dv_v2x_horacc_osp_up_next2, dv_v2x_pubcorr_down_next2, dv_v2x_pubcorr_up_next2, dv_v2x_veracc_osp_down_next2, dv_v2x_veracc_osp_up_next2, dv_v2xcl_rol_down_next2, dv_v2xcl_rol_up_next2, dv_v2xcs_ccsi_down_next2, dv_v2xcs_ccsi_up_next2"
349,2021,"dv_v2x_freexp_altinf_down_next2, dv_v2x_freexp_altinf_up_next2, dv_v2x_horacc_osp_down_next2, dv_v2x_horacc_osp_up_next2, dv_v2x_pubcorr_down_next2, dv_v2x_pubcorr_up_next2, dv_v2x_veracc_osp_down_next2, dv_v2x_veracc_osp_up_next2, dv_v2xcl_rol_down_next2, dv_v2xcl_rol_up_next2, dv_v2xcs_ccsi_down_next2, dv_v2xcs_ccsi_up_next2"
350,2021,"dv_v2x_freexp_altinf_down_next2, dv_v2x_freexp_altinf_up_next2, dv_v2x_horacc_osp_down_next2, dv_v2x_horacc_osp_up_next2, dv_v2x_pubcorr_down_next2, dv_v2x_pubcorr_up_next2, dv_v2x_veracc_osp_down_next2, dv_v2x_veracc_osp_up_next2, dv_v2xcl_rol_down_next2, dv_v2xcl_rol_up_next2, dv_v2xcs_ccsi_down_next2, dv_v2xcs_ccsi_up_next2"
352,2021,"dv_v2x_freexp_altinf_down_next2, dv_v2x_freexp_altinf_up_next2, dv_v2x_horacc_osp_down_next2, dv_v2x_horacc_osp_up_next2, dv_v2x_pubcorr_down_next2, dv_v2x_pubcorr_up_next2, dv_v2x_veracc_osp_down_next2, dv_v2x_veracc_osp_up_next2, dv_v2xcl_rol_down_next2, dv_v2xcl_rol_up_next2, dv_v2xcs_ccsi_down_next2, dv_v2xcs_ccsi_up_next2"
355,2021,"dv_v2x_freexp_altinf_down_next2, dv_v2x_freexp_altinf_up_next2, dv_v2x_horacc_osp_down_next2, dv_v2x_horacc_osp_up_next2, dv_v2x_pubcorr_down_next2, dv_v2x_pubcorr_up_next2, dv_v2x_veracc_osp_down_next2, dv_v2x_veracc_osp_up_next2, dv_v2xcl_rol_down_next2, dv_v2xcl_rol_up_next2, dv_v2xcs_ccsi_down_next2, dv_v2xcs_ccsi_up_next2"
359,2021,"dv_v2x_freexp_altinf_down_next2, dv_v2x_freexp_altinf_up_next2, dv_v2x_horacc_osp_down_next2, dv_v2x_horacc_osp_up_next2, dv_v2x_pubcorr_down_next2, dv_v2x_pubcorr_up_next2, dv_v2x_veracc_osp_down_next2, dv_v2x_veracc_osp_up_next2, dv_v2xcl_rol_down_next2, dv_v2xcl_rol_up_next2, dv_v2xcs_ccsi_down_next2, dv_v2xcs_ccsi_up_next2"
360,2021,"dv_v2x_freexp_altinf_down_next2, dv_v2x_freexp_altinf_up_next2, dv_v2x_horacc_osp_down_next2, dv_v2x_horacc_osp_up_next2, dv_v2x_pubcorr_down_next2, dv_v2x_pubcorr_up_next2, dv_v2x_veracc_osp_down_next2, dv_v2x_veracc_osp_up_next2, dv_v2xcl_rol_down_next2, dv_v2xcl_rol_up_next2, dv_v2xcs_ccsi_down_next2, dv_v2xcs_ccsi_up_next2"
365,2021,"dv_v2x_freexp_altinf_down_next2, dv_v2x_freexp_altinf_up_next2, dv_v2x_horacc_osp_down_next2, dv_v2x_horacc_osp_up_next2, dv_v2x_pubcorr_down_next2, dv_v2x_pubcorr_up_next2, dv_v2x_veracc_osp_down_next2, dv_v2x_veracc_osp_up_next2, dv_v2xcl_rol_down_next2, dv_v2xcl_rol_up_next2, dv_v2xcs_ccsi_down_next2, dv_v2xcs_ccsi_up_next2"
366,2021,"dv_v2x_freexp_altinf_down_next2, dv_v2x_freexp_altinf_up_next2, dv_v2x_horacc_osp_down_next2, dv_v2x_horacc_osp_up_next2, dv_v2x_pubcorr_down_next2, dv_v2x_pubcorr_up_next2, dv_v2x_veracc_osp_down_next2, dv_v2x_veracc_osp_up_next2, dv_v2xcl_rol_down_next2, dv_v2xcl_rol_up_next2, dv_v2xcs_ccsi_down_next2, dv_v2xcs_ccsi_up_next2"
367,2021,"dv_v2x_freexp_altinf_down_next2, dv_v2x_freexp_altinf_up_next2, dv_v2x_horacc_osp_down_next2, dv_v2x_horacc_osp_up_next2, dv_v2x_pubcorr_down_next2, dv_v2x_pubcorr_up_next2, dv_v2x_veracc_osp_down_next2, dv_v2x_veracc_osp_up_next2, dv_v2xcl_rol_down_next2, dv_v2xcl_rol_up_next2, dv_v2xcs_ccsi_down_next2, dv_v2xcs_ccsi_up_next2"
368,2021,"dv_v2x_freexp_altinf_down_next2, dv_v2x_freexp_altinf_up_next2, dv_v2x_horacc_osp_down_next2, dv_v2x_horacc_osp_up_next2, dv_v2x_pubcorr_down_next2, dv_v2x_pubcorr_up_next2, dv_v2x_veracc_osp_down_next2, dv_v2x_veracc_osp_up_next2, dv_v2xcl_rol_down_next2, dv_v2xcl_rol_up_next2, dv_v2xcs_ccsi_down_next2, dv_v2xcs_ccsi_up_next2"
369,2021,"dv_v2x_freexp_altinf_down_next2, dv_v2x_freexp_altinf_up_next2, dv_v2x_horacc_osp_down_next2, dv_v2x_horacc_osp_up_next2, dv_v2x_pubcorr_down_next2, dv_v2x_pubcorr_up_next2, dv_v2x_veracc_osp_down_next2, dv_v2x_veracc_osp_up_next2, dv_v2xcl_rol_down_next2, dv_v2xcl_rol_up_next2, dv_v2xcs_ccsi_down_next2, dv_v2xcs_ccsi_up_next2"
370,2021,"dv_v2x_freexp_altinf_down_next2, dv_v2x_freexp_altinf_up_next2, dv_v2x_horacc_osp_down_next2, dv_v2x_horacc_osp_up_next2, dv_v2x_pubcorr_down_next2, dv_v2x_pubcorr_up_next2, dv_v2x_veracc_osp_down_next2, dv_v2x_veracc_osp_up_next2, dv_v2xcl_rol_down_next2, dv_v2xcl_rol_up_next2, dv_v2xcs_ccsi_down_next2, dv_v2xcs_ccsi_up_next2"
371,2021,"dv_v2x_freexp_altinf_down_next2, dv_v2x_freexp_altinf_up_next2, dv_v2x_horacc_osp_down_next2, dv_v2x_horacc_osp_up_next2, dv_v2x_pubcorr_down_next2, dv_v2x_pubcorr_up_next2, dv_v2x_veracc_osp_down_next2, dv_v2x_veracc_osp_up_next2, dv_v2xcl_rol_down_next2, dv_v2xcl_rol_up_next2, dv_v2xcs_ccsi_down_next2, dv_v2xcs_ccsi_up_next2"
372,2021,"dv_v2x_freexp_altinf_down_next2, dv_v2x_freexp_altinf_up_next2, dv_v2x_horacc_osp_down_next2, dv_v2x_horacc_osp_up_next2, dv_v2x_pubcorr_down_next2, dv_v2x_pubcorr_up_next2, dv_v2x_veracc_osp_down_next2, dv_v2x_veracc_osp_up_next2, dv_v2xcl_rol_down_next2, dv_v2xcl_rol_up_next2, dv_v2xcs_ccsi_down_next2, dv_v2xcs_ccsi_up_next2"
373,2021,"dv_v2x_freexp_altinf_down_next2, dv_v2x_freexp_altinf_up_next2, dv_v2x_horacc_osp_down_next2, dv_v2x_horacc_osp_up_next2, dv_v2x_pubcorr_down_next2, dv_v2x_pubcorr_up_next2, dv_v2x_veracc_osp_down_next2, dv_v2x_veracc_osp_up_next2, dv_v2xcl_rol_down_next2, dv_v2xcl_rol_up_next2, dv_v2xcs_ccsi_down_next2, dv_v2xcs_ccsi_up_next2"
375,2021,"dv_v2x_freexp_altinf_down_next2, dv_v2x_freexp_altinf_up_next2, dv_v2x_horacc_osp_down_next2, dv_v2x_horacc_osp_up_next2, dv_v2x_pubcorr_down_next2, dv_v2x_pubcorr_up_next2, dv_v2x_veracc_osp_down_next2, dv_v2x_veracc_osp_up_next2, dv_v2xcl_rol_down_next2, dv_v2xcl_rol_up_next2, dv_v2xcs_ccsi_down_next2, dv_v2xcs_ccsi_up_next2"
380,2021,"dv_v2x_freexp_altinf_down_next2, dv_v2x_freexp_altinf_up_next2, dv_v2x_horacc_osp_down_next2, dv_v2x_horacc_osp_up_next2, dv_v2x_pubcorr_down_next2, dv_v2x_pubcorr_up_next2, dv_v2x_veracc_osp_down_next2, dv_v2x_veracc_osp_up_next2, dv_v2xcl_rol_down_next2, dv_v2xcl_rol_up_next2, dv_v2xcs_ccsi_down_next2, dv_v2xcs_ccsi_up_next2"
385,2021,"dv_v2x_freexp_altinf_down_next2, dv_v2x_freexp_altinf_up_next2, dv_v2x_horacc_osp_down_next2, dv_v2x_horacc_osp_up_next2, dv_v2x_pubcorr_down_next2, dv_v2x_pubcorr_up_next2, dv_v2x_veracc_osp_down_next2, dv_v2x_veracc_osp_up_next2, dv_v2xcl_rol_down_next2, dv_v2xcl_rol_up_next2, dv_v2xcs_ccsi_down_next2, dv_v2xcs_ccsi_up_next2"
390,2021,"dv_v2x_freexp_altinf_down_next2, dv_v2x_freexp_altinf_up_next2, dv_v2x_horacc_osp_down_next2, dv_v2x_horacc_osp_up_next2, dv_v2x_pubcorr_down_next2, dv_v2x_pubcorr_up_next2, dv_v2x_veracc_osp_down_next2, dv_v2x_veracc_osp_up_next2, dv_v2xcl_rol_down_next2, dv_v2xcl_rol_up_next2, dv_v2xcs_ccsi_down_next2, dv_v2xcs_ccsi_up_next2"
395,2021,"dv_v2x_freexp_altinf_down_next2, dv_v2x_freexp_altinf_up_next2, dv_v2x_horacc_osp_down_next2, dv_v2x_horacc_osp_up_next2, dv_v2x_pubcorr_down_next2, dv_v2x_pubcorr_up_next2, dv_v2x_veracc_osp_down_next2, dv_v2x_veracc_osp_up_next2, dv_v2xcl_rol_down_next2, dv_v2xcl_rol_up_next2, dv_v2xcs_ccsi_down_next2, dv_v2xcs_ccsi_up_next2"
402,2021,"dv_v2x_freexp_altinf_down_next2, dv_v2x_freexp_altinf_up_next2, dv_v2x_horacc_osp_down_next2, dv_v2x_horacc_osp_up_next2, dv_v2x_pubcorr_down_next2, dv_v2x_pubcorr_up_next2, dv_v2x_veracc_osp_down_next2, dv_v2x_veracc_osp_up_next2, dv_v2xcl_rol_down_next2, dv_v2xcl_rol_up_next2, dv_v2xcs_ccsi_down_next2, dv_v2xcs_ccsi_up_next2"
404,2021,"dv_v2x_freexp_altinf_down_next2, dv_v2x_freexp_altinf_up_next2, dv_v2x_horacc_osp_down_next2, dv_v2x_horacc_osp_up_next2, dv_v2x_pubcorr_down_next2, dv_v2x_pubcorr_up_next2, dv_v2x_veracc_osp_down_next2, dv_v2x_veracc_osp_up_next2, dv_v2xcl_rol_down_next2, dv_v2xcl_rol_up_next2, dv_v2xcs_ccsi_down_next2, dv_v2xcs_ccsi_up_next2"
411,2021,"dv_v2x_freexp_altinf_down_next2, dv_v2x_freexp_altinf_up_next2, dv_v2x_horacc_osp_down_next2, dv_v2x_horacc_osp_up_next2, dv_v2x_pubcorr_down_next2, dv_v2x_pubcorr_up_next2, dv_v2x_veracc_osp_down_next2, dv_v2x_veracc_osp_up_next2, dv_v2xcl_rol_down_next2, dv_v2xcl_rol_up_next2, dv_v2xcs_ccsi_down_next2, dv_v2xcs_ccsi_up_next2"
420,2021,"dv_v2x_freexp_altinf_down_next2, dv_v2x_freexp_altinf_up_next2, dv_v2x_horacc_osp_down_next2, dv_v2x_horacc_osp_up_next2, dv_v2x_pubcorr_down_next2, dv_v2x_pubcorr_up_next2, dv_v2x_veracc_osp_down_next2, dv_v2x_veracc_osp_up_next2, dv_v2xcl_rol_down_next2, dv_v2xcl_rol_up_next2, dv_v2xcs_ccsi_down_next2, dv_v2xcs_ccsi_up_next2"
432,2021,"dv_v2x_freexp_altinf_down_next2, dv_v2x_freexp_altinf_up_next2, dv_v2x_horacc_osp_down_next2, dv_v2x_horacc_osp_up_next2, dv_v2x_pubcorr_down_next2, dv_v2x_pubcorr_up_next2, dv_v2x_veracc_osp_down_next2, dv_v2x_veracc_osp_up_next2, dv_v2xcl_rol_down_next2, dv_v2xcl_rol_up_next2, dv_v2xcs_ccsi_down_next2, dv_v2xcs_ccsi_up_next2"
433,2021,"dv_v2x_freexp_altinf_down_next2, dv_v2x_freexp_altinf_up_next2, dv_v2x_horacc_osp_down_next2, dv_v2x_horacc_osp_up_next2, dv_v2x_pubcorr_down_next2, dv_v2x_pubcorr_up_next2, dv_v2x_veracc_osp_down_next2, dv_v2x_veracc_osp_up_next2, dv_v2xcl_rol_down_next2, dv_v2xcl_rol_up_next2, dv_v2xcs_ccsi_down_next2, dv_v2xcs_ccsi_up_next2"
434,2021,"dv_v2x_freexp_altinf_down_next2, dv_v2x_freexp_altinf_up_next2, dv_v2x_horacc_osp_down_next2, dv_v2x_horacc_osp_up_next2, dv_v2x_pubcorr_down_next2, dv_v2x_pubcorr_up_next2, dv_v2x_veracc_osp_down_next2, dv_v2x_veracc_osp_up_next2, dv_v2xcl_rol_down_next2, dv_v2xcl_rol_up_next2, dv_v2xcs_ccsi_down_next2, dv_v2xcs_ccsi_up_next2"
435,2021,"dv_v2x_freexp_altinf_down_next2, dv_v2x_freexp_altinf_up_next2, dv_v2x_horacc_osp_down_next2, dv_v2x_horacc_osp_up_next2, dv_v2x_pubcorr_down_next2, dv_v2x_pubcorr_up_next2, dv_v2x_veracc_osp_down_next2, dv_v2x_veracc_osp_up_next2, dv_v2xcl_rol_down_next2, dv_v2xcl_rol_up_next2, dv_v2xcs_ccsi_down_next2, dv_v2xcs_ccsi_up_next2"
436,2021,"dv_v2x_freexp_altinf_down_next2, dv_v2x_freexp_altinf_up_next2, dv_v2x_horacc_osp_down_next2, dv_v2x_horacc_osp_up_next2, dv_v2x_pubcorr_down_next2, dv_v2x_pubcorr_up_next2, dv_v2x_veracc_osp_down_next2, dv_v2x_veracc_osp_up_next2, dv_v2xcl_rol_down_next2, dv_v2xcl_rol_up_next2, dv_v2xcs_ccsi_down_next2, dv_v2xcs_ccsi_up_next2"
437,2021,"dv_v2x_freexp_altinf_down_next2, dv_v2x_freexp_altinf_up_next2, dv_v2x_horacc_osp_down_next2, dv_v2x_horacc_osp_up_next2, dv_v2x_pubcorr_down_next2, dv_v2x_pubcorr_up_next2, dv_v2x_veracc_osp_down_next2, dv_v2x_veracc_osp_up_next2, dv_v2xcl_rol_down_next2, dv_v2xcl_rol_up_next2, dv_v2xcs_ccsi_down_next2, dv_v2xcs_ccsi_up_next2"
438,2021,"dv_v2x_freexp_altinf_down_next2, dv_v2x_freexp_altinf_up_next2, dv_v2x_horacc_osp_down_next2, dv_v2x_horacc_osp_up_next2, dv_v2x_pubcorr_down_next2, dv_v2x_pubcorr_up_next2, dv_v2x_veracc_osp_down_next2, dv_v2x_veracc_osp_up_next2, dv_v2xcl_rol_down_next2, dv_v2xcl_rol_up_next2, dv_v2xcs_ccsi_down_next2, dv_v2xcs_ccsi_up_next2"
439,2021,"dv_v2x_freexp_altinf_down_next2, dv_v2x_freexp_altinf_up_next2, dv_v2x_horacc_osp_down_next2, dv_v2x_horacc_osp_up_next2, dv_v2x_pubcorr_down_next2, dv_v2x_pubcorr_up_next2, dv_v2x_veracc_osp_down_next2, dv_v2x_veracc_osp_up_next2, dv_v2xcl_rol_down_next2, dv_v2xcl_rol_up_next2, dv_v2xcs_ccsi_down_next2, dv_v2xcs_ccsi_up_next2"
450,2021,"dv_v2x_freexp_altinf_down_next2, dv_v2x_freexp_altinf_up_next2, dv_v2x_horacc_osp_down_next2, dv_v2x_horacc_osp_up_next2, dv_v2x_pubcorr_down_next2, dv_v2x_pubcorr_up_next2, dv_v2x_veracc_osp_down_next2, dv_v2x_veracc_osp_up_next2, dv_v2xcl_rol_down_next2, dv_v2xcl_rol_up_next2, dv_v2xcs_ccsi_down_next2, dv_v2xcs_ccsi_up_next2"
451,2021,"dv_v2x_freexp_altinf_down_next2, dv_v2x_freexp_altinf_up_next2, dv_v2x_horacc_osp_down_next2, dv_v2x_horacc_osp_up_next2, dv_v2x_pubcorr_down_next2, dv_v2x_pubcorr_up_next2, dv_v2x_veracc_osp_down_next2, dv_v2x_veracc_osp_up_next2, dv_v2xcl_rol_down_next2, dv_v2xcl_rol_up_next2, dv_v2xcs_ccsi_down_next2, dv_v2xcs_ccsi_up_next2"
452,2021,"dv_v2x_freexp_altinf_down_next2, dv_v2x_freexp_altinf_up_next2, dv_v2x_horacc_osp_down_next2, dv_v2x_horacc_osp_up_next2, dv_v2x_pubcorr_down_next2, dv_v2x_pubcorr_up_next2, dv_v2x_veracc_osp_down_next2, dv_v2x_veracc_osp_up_next2, dv_v2xcl_rol_down_next2, dv_v2xcl_rol_up_next2, dv_v2xcs_ccsi_down_next2, dv_v2xcs_ccsi_up_next2"
461,2021,"dv_v2x_freexp_altinf_down_next2, dv_v2x_freexp_altinf_up_next2, dv_v2x_horacc_osp_down_next2, dv_v2x_horacc_osp_up_next2, dv_v2x_pubcorr_down_next2, dv_v2x_pubcorr_up_next2, dv_v2x_veracc_osp_down_next2, dv_v2x_veracc_osp_up_next2, dv_v2xcl_rol_down_next2, dv_v2xcl_rol_up_next2, dv_v2xcs_ccsi_down_next2, dv_v2xcs_ccsi_up_next2"
471,2021,"dv_v2x_freexp_altinf_down_next2, dv_v2x_freexp_altinf_up_next2, dv_v2x_horacc_osp_down_next2, dv_v2x_horacc_osp_up_next2, dv_v2x_pubcorr_down_next2, dv_v2x_pubcorr_up_next2, dv_v2x_veracc_osp_down_next2, dv_v2x_veracc_osp_up_next2, dv_v2xcl_rol_down_next2, dv_v2xcl_rol_up_next2, dv_v2xcs_ccsi_down_next2, dv_v2xcs_ccsi_up_next2"
475,2021,"dv_v2x_freexp_altinf_down_next2, dv_v2x_freexp_altinf_up_next2, dv_v2x_horacc_osp_down_next2, dv_v2x_horacc_osp_up_next2, dv_v2x_pubcorr_down_next2, dv_v2x_pubcorr_up_next2, dv_v2x_veracc_osp_down_next2, dv_v2x_veracc_osp_up_next2, dv_v2xcl_rol_down_next2, dv_v2xcl_rol_up_next2, dv_v2xcs_ccsi_down_next2, dv_v2xcs_ccsi_up_next2"
481,2021,"dv_v2x_freexp_altinf_down_next2, dv_v2x_freexp_altinf_up_next2, dv_v2x_horacc_osp_down_next2, dv_v2x_horacc_osp_up_next2, dv_v2x_pubcorr_down_next2, dv_v2x_pubcorr_up_next2, dv_v2x_veracc_osp_down_next2, dv_v2x_veracc_osp_up_next2, dv_v2xcl_rol_down_next2, dv_v2xcl_rol_up_next2, dv_v2xcs_ccsi_down_next2, dv_v2xcs_ccsi_up_next2"
482,2021,"dv_v2x_freexp_altinf_down_next2, dv_v2x_freexp_altinf_up_next2, dv_v2x_horacc_osp_down_next2, dv_v2x_horacc_osp_up_next2, dv_v2x_pubcorr_down_next2, dv_v2x_pubcorr_up_next2, dv_v2x_veracc_osp_down_next2, dv_v2x_veracc_osp_up_next2, dv_v2xcl_rol_down_next2, dv_v2xcl_rol_up_next2, dv_v2xcs_ccsi_down_next2, dv_v2xcs_ccsi_up_next2"
483,2021,"dv_v2x_freexp_altinf_down_next2, dv_v2x_freexp_altinf_up_next2, dv_v2x_horacc_osp_down_next2, dv_v2x_horacc_osp_up_next2, dv_v2x_pubcorr_down_next2, dv_v2x_pubcorr_up_next2, dv_v2x_veracc_osp_down_next2, dv_v2x_veracc_osp_up_next2, dv_v2xcl_rol_down_next2, dv_v2xcl_rol_up_next2, dv_v2xcs_ccsi_down_next2, dv_v2xcs_ccsi_up_next2"
484,2021,"dv_v2x_freexp_altinf_down_next2, dv_v2x_freexp_altinf_up_next2, dv_v2x_horacc_osp_down_next2, dv_v2x_horacc_osp_up_next2, dv_v2x_pubcorr_down_next2, dv_v2x_pubcorr_up_next2, dv_v2x_veracc_osp_down_next2, dv_v2x_veracc_osp_up_next2, dv_v2xcl_rol_down_next2, dv_v2xcl_rol_up_next2, dv_v2xcs_ccsi_down_next2, dv_v2xcs_ccsi_up_next2"
490,2021,"dv_v2x_freexp_altinf_down_next2, dv_v2x_freexp_altinf_up_next2, dv_v2x_horacc_osp_down_next2, dv_v2x_horacc_osp_up_next2, dv_v2x_pubcorr_down_next2, dv_v2x_pubcorr_up_next2, dv_v2x_veracc_osp_down_next2, dv_v2x_veracc_osp_up_next2, dv_v2xcl_rol_down_next2, dv_v2xcl_rol_up_next2, dv_v2xcs_ccsi_down_next2, dv_v2xcs_ccsi_up_next2"
500,2021,"dv_v2x_freexp_altinf_down_next2, dv_v2x_freexp_altinf_up_next2, dv_v2x_horacc_osp_down_next2, dv_v2x_horacc_osp_up_next2, dv_v2x_pubcorr_down_next2, dv_v2x_pubcorr_up_next2, dv_v2x_veracc_osp_down_next2, dv_v2x_veracc_osp_up_next2, dv_v2xcl_rol_down_next2, dv_v2xcl_rol_up_next2, dv_v2xcs_ccsi_down_next2, dv_v2xcs_ccsi_up_next2"
501,2021,"dv_v2x_freexp_altinf_down_next2, dv_v2x_freexp_altinf_up_next2, dv_v2x_horacc_osp_down_next2, dv_v2x_horacc_osp_up_next2, dv_v2x_pubcorr_down_next2, dv_v2x_pubcorr_up_next2, dv_v2x_veracc_osp_down_next2, dv_v2x_veracc_osp_up_next2, dv_v2xcl_rol_down_next2, dv_v2xcl_rol_up_next2, dv_v2xcs_ccsi_down_next2, dv_v2xcs_ccsi_up_next2"
510,2021,"dv_v2x_freexp_altinf_down_next2, dv_v2x_freexp_altinf_up_next2, dv_v2x_horacc_osp_down_next2, dv_v2x_horacc_osp_up_next2, dv_v2x_pubcorr_down_next2, dv_v2x_pubcorr_up_next2, dv_v2x_veracc_osp_down_next2, dv_v2x_veracc_osp_up_next2, dv_v2xcl_rol_down_next2, dv_v2xcl_rol_up_next2, dv_v2xcs_ccsi_down_next2, dv_v2xcs_ccsi_up_next2"
516,2021,"dv_v2x_freexp_altinf_down_next2, dv_v2x_freexp_altinf_up_next2, dv_v2x_horacc_osp_down_next2, dv_v2x_horacc_osp_up_next2, dv_v2x_pubcorr_down_next2, dv_v2x_pubcorr_up_next2, dv_v2x_veracc_osp_down_next2, dv_v2x_veracc_osp_up_next2, dv_v2xcl_rol_down_next2, dv_v2xcl_rol_up_next2, dv_v2xcs_ccsi_down_next2, dv_v2xcs_ccsi_up_next2"
517,2021,"dv_v2x_freexp_altinf_down_next2, dv_v2x_freexp_altinf_up_next2, dv_v2x_horacc_osp_down_next2, dv_v2x_horacc_osp_up_next2, dv_v2x_pubcorr_down_next2, dv_v2x_pubcorr_up_next2, dv_v2x_veracc_osp_down_next2, dv_v2x_veracc_osp_up_next2, dv_v2xcl_rol_down_next2, dv_v2xcl_rol_up_next2, dv_v2xcs_ccsi_down_next2, dv_v2xcs_ccsi_up_next2"
520,2021,"dv_v2x_freexp_altinf_down_next2, dv_v2x_freexp_altinf_up_next2, dv_v2x_horacc_osp_down_next2, dv_v2x_horacc_osp_up_next2, dv_v2x_pubcorr_down_next2, dv_v2x_pubcorr_up_next2, dv_v2x_veracc_osp_down_next2, dv_v2x_veracc_osp_up_next2, dv_v2xcl_rol_down_next2, dv_v2xcl_rol_up_next2, dv_v2xcs_ccsi_down_next2, dv_v2xcs_ccsi_up_next2"
522,2021,"dv_v2x_freexp_altinf_down_next2, dv_v2x_freexp_altinf_up_next2, dv_v2x_horacc_osp_down_next2, dv_v2x_horacc_osp_up_next2, dv_v2x_pubcorr_down_next2, dv_v2x_pubcorr_up_next2, dv_v2x_veracc_osp_down_next2, dv_v2x_veracc_osp_up_next2, dv_v2xcl_rol_down_next2, dv_v2xcl_rol_up_next2, dv_v2xcs_ccsi_down_next2, dv_v2xcs_ccsi_up_next2"
530,2021,"dv_v2x_freexp_altinf_down_next2, dv_v2x_freexp_altinf_up_next2, dv_v2x_horacc_osp_down_next2, dv_v2x_horacc_osp_up_next2, dv_v2x_pubcorr_down_next2, dv_v2x_pubcorr_up_next2, dv_v2x_veracc_osp_down_next2, dv_v2x_veracc_osp_up_next2, dv_v2xcl_rol_down_next2, dv_v2xcl_rol_up_next2, dv_v2xcs_ccsi_down_next2, dv_v2xcs_ccsi_up_next2"
531,2021,"dv_v2x_freexp_altinf_down_next2, dv_v2x_freexp_altinf_up_next2, dv_v2x_horacc_osp_down_next2, dv_v2x_horacc_osp_up_next2, dv_v2x_pubcorr_down_next2, dv_v2x_pubcorr_up_next2, dv_v2x_veracc_osp_down_next2, dv_v2x_veracc_osp_up_next2, dv_v2xcl_rol_down_next2, dv_v2xcl_rol_up_next2, dv_v2xcs_ccsi_down_next2, dv_v2xcs_ccsi_up_next2"
540,2021,"dv_v2x_freexp_altinf_down_next2, dv_v2x_freexp_altinf_up_next2, dv_v2x_horacc_osp_down_next2, dv_v2x_horacc_osp_up_next2, dv_v2x_pubcorr_down_next2, dv_v2x_pubcorr_up_next2, dv_v2x_veracc_osp_down_next2, dv_v2x_veracc_osp_up_next2, dv_v2xcl_rol_down_next2, dv_v2xcl_rol_up_next2, dv_v2xcs_ccsi_down_next2, dv_v2xcs_ccsi_up_next2"
541,2021,"dv_v2x_freexp_altinf_down_next2, dv_v2x_freexp_altinf_up_next2, dv_v2x_horacc_osp_down_next2, dv_v2x_horacc_osp_up_next2, dv_v2x_pubcorr_down_next2, dv_v2x_pubcorr_up_next2, dv_v2x_veracc_osp_down_next2, dv_v2x_veracc_osp_up_next2, dv_v2xcl_rol_down_next2, dv_v2xcl_rol_up_next2, dv_v2xcs_ccsi_down_next2, dv_v2xcs_ccsi_up_next2"
551,2021,"dv_v2x_freexp_altinf_down_next2, dv_v2x_freexp_altinf_up_next2, dv_v2x_horacc_osp_down_next2, dv_v2x_horacc_osp_up_next2, dv_v2x_pubcorr_down_next2, dv_v2x_pubcorr_up_next2, dv_v2x_veracc_osp_down_next2, dv_v2x_veracc_osp_up_next2, dv_v2xcl_rol_down_next2, dv_v2xcl_rol_up_next2, dv_v2xcs_ccsi_down_next2, dv_v2xcs_ccsi_up_next2"
552,2021,"dv_v2x_freexp_altinf_down_next2, dv_v2x_freexp_altinf_up_next2, dv_v2x_horacc_osp_down_next2, dv_v2x_horacc_osp_up_next2, dv_v2x_pubcorr_down_next2, dv_v2x_pubcorr_up_next2, dv_v2x_veracc_osp_down_next2, dv_v2x_veracc_osp_up_next2, dv_v2xcl_rol_down_next2, dv_v2xcl_rol_up_next2, dv_v2xcs_ccsi_down_next2, dv_v2xcs_ccsi_up_next2"
553,2021,"dv_v2x_freexp_altinf_down_next2, dv_v2x_freexp_altinf_up_next2, dv_v2x_horacc_osp_down_next2, dv_v2x_horacc_osp_up_next2, dv_v2x_pubcorr_down_next2, dv_v2x_pubcorr_up_next2, dv_v2x_veracc_osp_down_next2, dv_v2x_veracc_osp_up_next2, dv_v2xcl_rol_down_next2, dv_v2xcl_rol_up_next2, dv_v2xcs_ccsi_down_next2, dv_v2xcs_ccsi_up_next2"
560,2021,"dv_v2x_freexp_altinf_down_next2, dv_v2x_freexp_altinf_up_next2, dv_v2x_horacc_osp_down_next2, dv_v2x_horacc_osp_up_next2, dv_v2x_pubcorr_down_next2, dv_v2x_pubcorr_up_next2, dv_v2x_veracc_osp_down_next2, dv_v2x_veracc_osp_up_next2, dv_v2xcl_rol_down_next2, dv_v2xcl_rol_up_next2, dv_v2xcs_ccsi_down_next2, dv_v2xcs_ccsi_up_next2"
565,2021,"dv_v2x_freexp_altinf_down_next2, dv_v2x_freexp_altinf_up_next2, dv_v2x_horacc_osp_down_next2, dv_v2x_horacc_osp_up_next2, dv_v2x_pubcorr_down_next2, dv_v2x_pubcorr_up_next2, dv_v2x_veracc_osp_down_next2, dv_v2x_veracc_osp_up_next2, dv_v2xcl_rol_down_next2, dv_v2xcl_rol_up_next2, dv_v2xcs_ccsi_down_next2, dv_v2xcs_ccsi_up_next2"
570,2021,"dv_v2x_freexp_altinf_down_next2, dv_v2x_freexp_altinf_up_next2, dv_v2x_horacc_osp_down_next2, dv_v2x_horacc_osp_up_next2, dv_v2x_pubcorr_down_next2, dv_v2x_pubcorr_up_next2, dv_v2x_veracc_osp_down_next2, dv_v2x_veracc_osp_up_next2, dv_v2xcl_rol_down_next2, dv_v2xcl_rol_up_next2, dv_v2xcs_ccsi_down_next2, dv_v2xcs_ccsi_up_next2"
571,2021,"dv_v2x_freexp_altinf_down_next2, dv_v2x_freexp_altinf_up_next2, dv_v2x_horacc_osp_down_next2, dv_v2x_horacc_osp_up_next2, dv_v2x_pubcorr_down_next2, dv_v2x_pubcorr_up_next2, dv_v2x_veracc_osp_down_next2, dv_v2x_veracc_osp_up_next2, dv_v2xcl_rol_down_next2, dv_v2xcl_rol_up_next2, dv_v2xcs_ccsi_down_next2, dv_v2xcs_ccsi_up_next2"
572,2021,"dv_v2x_freexp_altinf_down_next2, dv_v2x_freexp_altinf_up_next2, dv_v2x_horacc_osp_down_next2, dv_v2x_horacc_osp_up_next2, dv_v2x_pubcorr_down_next2, dv_v2x_pubcorr_up_next2, dv_v2x_veracc_osp_down_next2, dv_v2x_veracc_osp_up_next2, dv_v2xcl_rol_down_next2, dv_v2xcl_rol_up_next2, dv_v2xcs_ccsi_down_next2, dv_v2xcs_ccsi_up_next2"
580,2021,"dv_v2x_freexp_altinf_down_next2, dv_v2x_freexp_altinf_up_next2, dv_v2x_horacc_osp_down_next2, dv_v2x_horacc_osp_up_next2, dv_v2x_pubcorr_down_next2, dv_v2x_pubcorr_up_next2, dv_v2x_veracc_osp_down_next2, dv_v2x_veracc_osp_up_next2, dv_v2xcl_rol_down_next2, dv_v2xcl_rol_up_next2, dv_v2xcs_ccsi_down_next2, dv_v2xcs_ccsi_up_next2"
581,2021,"dv_v2x_freexp_altinf_down_next2, dv_v2x_freexp_altinf_up_next2, dv_v2x_horacc_osp_down_next2, dv_v2x_horacc_osp_up_next2, dv_v2x_pubcorr_down_next2, dv_v2x_pubcorr_up_next2, dv_v2x_veracc_osp_down_next2, dv_v2x_veracc_osp_up_next2, dv_v2xcl_rol_down_next2, dv_v2xcl_rol_up_next2, dv_v2xcs_ccsi_down_next2, dv_v2xcs_ccsi_up_next2"
590,2021,"dv_v2x_freexp_altinf_down_next2, dv_v2x_freexp_altinf_up_next2, dv_v2x_horacc_osp_down_next2, dv_v2x_horacc_osp_up_next2, dv_v2x_pubcorr_down_next2, dv_v2x_pubcorr_up_next2, dv_v2x_veracc_osp_down_next2, dv_v2x_veracc_osp_up_next2, dv_v2xcl_rol_down_next2, dv_v2xcl_rol_up_next2, dv_v2xcs_ccsi_down_next2, dv_v2xcs_ccsi_up_next2"
600,2021,"dv_v2x_freexp_altinf_down_next2, dv_v2x_freexp_altinf_up_next2, dv_v2x_horacc_osp_down_next2, dv_v2x_horacc_osp_up_next2, dv_v2x_pubcorr_down_next2, dv_v2x_pubcorr_up_next2, dv_v2x_veracc_osp_down_next2, dv_v2x_veracc_osp_up_next2, dv_v2xcl_rol_down_next2, dv_v2xcl_rol_up_next2, dv_v2xcs_ccsi_down_next2, dv_v2xcs_ccsi_up_next2"
615,2021,"dv_v2x_freexp_altinf_down_next2, dv_v2x_freexp_altinf_up_next2, dv_v2x_horacc_osp_down_next2, dv_v2x_horacc_osp_up_next2, dv_v2x_pubcorr_down_next2, dv_v2x_pubcorr_up_next2, dv_v2x_veracc_osp_down_next2, dv_v2x_veracc_osp_up_next2, dv_v2xcl_rol_down_next2, dv_v2xcl_rol_up_next2, dv_v2xcs_ccsi_down_next2, dv_v2xcs_ccsi_up_next2"
616,2021,"dv_v2x_freexp_altinf_down_next2, dv_v2x_freexp_altinf_up_next2, dv_v2x_horacc_osp_down_next2, dv_v2x_horacc_osp_up_next2, dv_v2x_pubcorr_down_next2, dv_v2x_pubcorr_up_next2, dv_v2x_veracc_osp_down_next2, dv_v2x_veracc_osp_up_next2, dv_v2xcl_rol_down_next2, dv_v2xcl_rol_up_next2, dv_v2xcs_ccsi_down_next2, dv_v2xcs_ccsi_up_next2"
620,2021,"dv_v2x_freexp_altinf_down_next2, dv_v2x_freexp_altinf_up_next2, dv_v2x_horacc_osp_down_next2, dv_v2x_horacc_osp_up_next2, dv_v2x_pubcorr_down_next2, dv_v2x_pubcorr_up_next2, dv_v2x_veracc_osp_down_next2, dv_v2x_veracc_osp_up_next2, dv_v2xcl_rol_down_next2, dv_v2xcl_rol_up_next2, dv_v2xcs_ccsi_down_next2, dv_v2xcs_ccsi_up_next2"
625,2021,"dv_v2x_freexp_altinf_down_next2, dv_v2x_freexp_altinf_up_next2, dv_v2x_horacc_osp_down_next2, dv_v2x_horacc_osp_up_next2, dv_v2x_pubcorr_down_next2, dv_v2x_pubcorr_up_next2, dv_v2x_veracc_osp_down_next2, dv_v2x_veracc_osp_up_next2, dv_v2xcl_rol_down_next2, dv_v2xcl_rol_up_next2, dv_v2xcs_ccsi_down_next2, dv_v2xcs_ccsi_up_next2"
626,2021,"dv_v2x_freexp_altinf_down_next2, dv_v2x_freexp_altinf_up_next2, dv_v2x_horacc_osp_down_next2, dv_v2x_horacc_osp_up_next2, dv_v2x_pubcorr_down_next2, dv_v2x_pubcorr_up_next2, dv_v2x_veracc_osp_down_next2, dv_v2x_veracc_osp_up_next2, dv_v2xcl_rol_down_next2, dv_v2xcl_rol_up_next2, dv_v2xcs_ccsi_down_next2, dv_v2xcs_ccsi_up_next2"
630,2021,"dv_v2x_freexp_altinf_down_next2, dv_v2x_freexp_altinf_up_next2, dv_v2x_horacc_osp_down_next2, dv_v2x_horacc_osp_up_next2, dv_v2x_pubcorr_down_next2, dv_v2x_pubcorr_up_next2, dv_v2x_veracc_osp_down_next2, dv_v2x_veracc_osp_up_next2, dv_v2xcl_rol_down_next2, dv_v2xcl_rol_up_next2, dv_v2xcs_ccsi_down_next2, dv_v2xcs_ccsi_up_next2"
640,2021,"dv_v2x_freexp_altinf_down_next2, dv_v2x_freexp_altinf_up_next2, dv_v2x_horacc_osp_down_next2, dv_v2x_horacc_osp_up_next2, dv_v2x_pubcorr_down_next2, dv_v2x_pubcorr_up_next2, dv_v2x_veracc_osp_down_next2, dv_v2x_veracc_osp_up_next2, dv_v2xcl_rol_down_next2, dv_v2xcl_rol_up_next2, dv_v2xcs_ccsi_down_next2, dv_v2xcs_ccsi_up_next2"
645,2021,"dv_v2x_freexp_altinf_down_next2, dv_v2x_freexp_altinf_up_next2, dv_v2x_horacc_osp_down_next2, dv_v2x_horacc_osp_up_next2, dv_v2x_pubcorr_down_next2, dv_v2x_pubcorr_up_next2, dv_v2x_veracc_osp_down_next2, dv_v2x_veracc_osp_up_next2, dv_v2xcl_rol_down_next2, dv_v2xcl_rol_up_next2, dv_v2xcs_ccsi_down_next2, dv_v2xcs_ccsi_up_next2"
651,2021,"dv_v2x_freexp_altinf_down_next2, dv_v2x_freexp_altinf_up_next2, dv_v2x_horacc_osp_down_next2, dv_v2x_horacc_osp_up_next2, dv_v2x_pubcorr_down_next2, dv_v2x_pubcorr_up_next2, dv_v2x_veracc_osp_down_next2, dv_v2x_veracc_osp_up_next2, dv_v2xcl_rol_down_next2, dv_v2xcl_rol_up_next2, dv_v2xcs_ccsi_down_next2, dv_v2xcs_ccsi_up_next2"
652,2021,"dv_v2x_freexp_altinf_down_next2, dv_v2x_freexp_altinf_up_next2, dv_v2x_horacc_osp_down_next2, dv_v2x_horacc_osp_up_next2, dv_v2x_pubcorr_down_next2, dv_v2x_pubcorr_up_next2, dv_v2x_veracc_osp_down_next2, dv_v2x_veracc_osp_up_next2, dv_v2xcl_rol_down_next2, dv_v2xcl_rol_up_next2, dv_v2xcs_ccsi_down_next2, dv_v2xcs_ccsi_up_next2"
660,2021,"dv_v2x_freexp_altinf_down_next2, dv_v2x_freexp_altinf_up_next2, dv_v2x_horacc_osp_down_next2, dv_v2x_horacc_osp_up_next2, dv_v2x_pubcorr_down_next2, dv_v2x_pubcorr_up_next2, dv_v2x_veracc_osp_down_next2, dv_v2x_veracc_osp_up_next2, dv_v2xcl_rol_down_next2, dv_v2xcl_rol_up_next2, dv_v2xcs_ccsi_down_next2, dv_v2xcs_ccsi_up_next2"
663,2021,"dv_v2x_freexp_altinf_down_next2, dv_v2x_freexp_altinf_up_next2, dv_v2x_horacc_osp_down_next2, dv_v2x_horacc_osp_up_next2, dv_v2x_pubcorr_down_next2, dv_v2x_pubcorr_up_next2, dv_v2x_veracc_osp_down_next2, dv_v2x_veracc_osp_up_next2, dv_v2xcl_rol_down_next2, dv_v2xcl_rol_up_next2, dv_v2xcs_ccsi_down_next2, dv_v2xcs_ccsi_up_next2"
666,2021,"dv_v2x_freexp_altinf_down_next2, dv_v2x_freexp_altinf_up_next2, dv_v2x_horacc_osp_down_next2, dv_v2x_horacc_osp_up_next2, dv_v2x_pubcorr_down_next2, dv_v2x_pubcorr_up_next2, dv_v2x_veracc_osp_down_next2, dv_v2x_veracc_osp_up_next2, dv_v2xcl_rol_down_next2, dv_v2xcl_rol_up_next2, dv_v2xcs_ccsi_down_next2, dv_v2xcs_ccsi_up_next2"
670,2021,"dv_v2x_freexp_altinf_down_next2, dv_v2x_freexp_altinf_up_next2, dv_v2x_horacc_osp_down_next2, dv_v2x_horacc_osp_up_next2, dv_v2x_pubcorr_down_next2, dv_v2x_pubcorr_up_next2, dv_v2x_veracc_osp_down_next2, dv_v2x_veracc_osp_up_next2, dv_v2xcl_rol_down_next2, dv_v2xcl_rol_up_next2, dv_v2xcs_ccsi_down_next2, dv_v2xcs_ccsi_up_next2"
678,2021,"dv_v2x_freexp_altinf_down_next2, dv_v2x_freexp_altinf_up_next2, dv_v2x_horacc_osp_down_next2, dv_v2x_horacc_osp_up_next2, dv_v2x_pubcorr_down_next2, dv_v2x_pubcorr_up_next2, dv_v2x_veracc_osp_down_next2, dv_v2x_veracc_osp_up_next2, dv_v2xcl_rol_down_next2, dv_v2xcl_rol_up_next2, dv_v2xcs_ccsi_down_next2, dv_v2xcs_ccsi_up_next2"
690,2021,"dv_v2x_freexp_altinf_down_next2, dv_v2x_freexp_altinf_up_next2, dv_v2x_horacc_osp_down_next2, dv_v2x_horacc_osp_up_next2, dv_v2x_pubcorr_down_next2, dv_v2x_pubcorr_up_next2, dv_v2x_veracc_osp_down_next2, dv_v2x_veracc_osp_up_next2, dv_v2xcl_rol_down_next2, dv_v2xcl_rol_up_next2, dv_v2xcs_ccsi_down_next2, dv_v2xcs_ccsi_up_next2"
694,2021,"dv_v2x_freexp_altinf_down_next2, dv_v2x_freexp_altinf_up_next2, dv_v2x_horacc_osp_down_next2, dv_v2x_horacc_osp_up_next2, dv_v2x_pubcorr_down_next2, dv_v2x_pubcorr_up_next2, dv_v2x_veracc_osp_down_next2, dv_v2x_veracc_osp_up_next2, dv_v2xcl_rol_down_next2, dv_v2xcl_rol_up_next2, dv_v2xcs_ccsi_down_next2, dv_v2xcs_ccsi_up_next2"
696,2021,"dv_v2x_freexp_altinf_down_next2, dv_v2x_freexp_altinf_up_next2, dv_v2x_horacc_osp_down_next2, dv_v2x_horacc_osp_up_next2, dv_v2x_pubcorr_down_next2, dv_v2x_pubcorr_up_next2, dv_v2x_veracc_osp_down_next2, dv_v2x_veracc_osp_up_next2, dv_v2xcl_rol_down_next2, dv_v2xcl_rol_up_next2, dv_v2xcs_ccsi_down_next2, dv_v2xcs_ccsi_up_next2"
698,2021,"dv_v2x_freexp_altinf_down_next2, dv_v2x_freexp_altinf_up_next2, dv_v2x_horacc_osp_down_next2, dv_v2x_horacc_osp_up_next2, dv_v2x_pubcorr_down_next2, dv_v2x_pubcorr_up_next2, dv_v2x_veracc_osp_down_next2, dv_v2x_veracc_osp_up_next2, dv_v2xcl_rol_down_next2, dv_v2xcl_rol_up_next2, dv_v2xcs_ccsi_down_next2, dv_v2xcs_ccsi_up_next2"
700,2021,"dv_v2x_freexp_altinf_down_next2, dv_v2x_freexp_altinf_up_next2, dv_v2x_horacc_osp_down_next2, dv_v2x_horacc_osp_up_next2, dv_v2x_pubcorr_down_next2, dv_v2x_pubcorr_up_next2, dv_v2x_veracc_osp_down_next2, dv_v2x_veracc_osp_up_next2, dv_v2xcl_rol_down_next2, dv_v2xcl_rol_up_next2, dv_v2xcs_ccsi_down_next2, dv_v2xcs_ccsi_up_next2"
701,2021,"dv_v2x_freexp_altinf_down_next2, dv_v2x_freexp_altinf_up_next2, dv_v2x_horacc_osp_down_next2, dv_v2x_horacc_osp_up_next2, dv_v2x_pubcorr_down_next2, dv_v2x_pubcorr_up_next2, dv_v2x_veracc_osp_down_next2, dv_v2x_veracc_osp_up_next2, dv_v2xcl_rol_down_next2, dv_v2xcl_rol_up_next2, dv_v2xcs_ccsi_down_next2, dv_v2xcs_ccsi_up_next2"
702,2021,"dv_v2x_freexp_altinf_down_next2, dv_v2x_freexp_altinf_up_next2, dv_v2x_horacc_osp_down_next2, dv_v2x_horacc_osp_up_next2, dv_v2x_pubcorr_down_next2, dv_v2x_pubcorr_up_next2, dv_v2x_veracc_osp_down_next2, dv_v2x_veracc_osp_up_next2, dv_v2xcl_rol_down_next2, dv_v2xcl_rol_up_next2, dv_v2xcs_ccsi_down_next2, dv_v2xcs_ccsi_up_next2"
703,2021,"dv_v2x_freexp_altinf_down_next2, dv_v2x_freexp_altinf_up_next2, dv_v2x_horacc_osp_down_next2, dv_v2x_horacc_osp_up_next2, dv_v2x_pubcorr_down_next2, dv_v2x_pubcorr_up_next2, dv_v2x_veracc_osp_down_next2, dv_v2x_veracc_osp_up_next2, dv_v2xcl_rol_down_next2, dv_v2xcl_rol_up_next2, dv_v2xcs_ccsi_down_next2, dv_v2xcs_ccsi_up_next2"
704,2021,"dv_v2x_freexp_altinf_down_next2, dv_v2x_freexp_altinf_up_next2, dv_v2x_horacc_osp_down_next2, dv_v2x_horacc_osp_up_next2, dv_v2x_pubcorr_down_next2, dv_v2x_pubcorr_up_next2, dv_v2x_veracc_osp_down_next2, dv_v2x_veracc_osp_up_next2, dv_v2xcl_rol_down_next2, dv_v2xcl_rol_up_next2, dv_v2xcs_ccsi_down_next2, dv_v2xcs_ccsi_up_next2"
705,2021,"dv_v2x_freexp_altinf_down_next2, dv_v2x_freexp_altinf_up_next2, dv_v2x_horacc_osp_down_next2, dv_v2x_horacc_osp_up_next2, dv_v2x_pubcorr_down_next2, dv_v2x_pubcorr_up_next2, dv_v2x_veracc_osp_down_next2, dv_v2x_veracc_osp_up_next2, dv_v2xcl_rol_down_next2, dv_v2xcl_rol_up_next2, dv_v2xcs_ccsi_down_next2, dv_v2xcs_ccsi_up_next2"
710,2021,"dv_v2x_freexp_altinf_down_next2, dv_v2x_freexp_altinf_up_next2, dv_v2x_horacc_osp_down_next2, dv_v2x_horacc_osp_up_next2, dv_v2x_pubcorr_down_next2, dv_v2x_pubcorr_up_next2, dv_v2x_veracc_osp_down_next2, dv_v2x_veracc_osp_up_next2, dv_v2xcl_rol_down_next2, dv_v2xcl_rol_up_next2, dv_v2xcs_ccsi_down_next2, dv_v2xcs_ccsi_up_next2"
712,2021,"dv_v2x_freexp_altinf_down_next2, dv_v2x_freexp_altinf_up_next2, dv_v2x_horacc_osp_down_next2, dv_v2x_horacc_osp_up_next2, dv_v2x_pubcorr_down_next2, dv_v2x_pubcorr_up_next2, dv_v2x_veracc_osp_down_next2, dv_v2x_veracc_osp_up_next2, dv_v2xcl_rol_down_next2, dv_v2xcl_rol_up_next2, dv_v2xcs_ccsi_down_next2, dv_v2xcs_ccsi_up_next2"
713,2021,"dv_v2x_freexp_altinf_down_next2, dv_v2x_freexp_altinf_up_next2, dv_v2x_horacc_osp_down_next2, dv_v2x_horacc_osp_up_next2, dv_v2x_pubcorr_down_next2, dv_v2x_pubcorr_up_next2, dv_v2x_veracc_osp_down_next2, dv_v2x_veracc_osp_up_next2, dv_v2xcl_rol_down_next2, dv_v2xcl_rol_up_next2, dv_v2xcs_ccsi_down_next2, dv_v2xcs_ccsi_up_next2"
731,2021,"dv_v2x_freexp_altinf_down_next2, dv_v2x_freexp_altinf_up_next2, dv_v2x_horacc_osp_down_next2, dv_v2x_horacc_osp_up_next2, dv_v2x_pubcorr_down_next2, dv_v2x_pubcorr_up_next2, dv_v2x_veracc_osp_down_next2, dv_v2x_veracc_osp_up_next2, dv_v2xcl_rol_down_next2, dv_v2xcl_rol_up_next2, dv_v2xcs_ccsi_down_next2, dv_v2xcs_ccsi_up_next2"
732,2021,"dv_v2x_freexp_altinf_down_next2, dv_v2x_freexp_altinf_up_next2, dv_v2x_horacc_osp_down_next2, dv_v2x_horacc_osp_up_next2, dv_v2x_pubcorr_down_next2, dv_v2x_pubcorr_up_next2, dv_v2x_veracc_osp_down_next2, dv_v2x_veracc_osp_up_next2, dv_v2xcl_rol_down_next2, dv_v2xcl_rol_up_next2, dv_v2xcs_ccsi_down_next2, dv_v2xcs_ccsi_up_next2"
740,2021,"dv_v2x_freexp_altinf_down_next2, dv_v2x_freexp_altinf_up_next2, dv_v2x_horacc_osp_down_next2, dv_v2x_horacc_osp_up_next2, dv_v2x_pubcorr_down_next2, dv_v2x_pubcorr_up_next2, dv_v2x_veracc_osp_down_next2, dv_v2x_veracc_osp_up_next2, dv_v2xcl_rol_down_next2, dv_v2xcl_rol_up_next2, dv_v2xcs_ccsi_down_next2, dv_v2xcs_ccsi_up_next2"
750,2021,"dv_v2x_freexp_altinf_down_next2, dv_v2x_freexp_altinf_up_next2, dv_v2x_horacc_osp_down_next2, dv_v2x_horacc_osp_up_next2, dv_v2x_pubcorr_down_next2, dv_v2x_pubcorr_up_next2, dv_v2x_veracc_osp_down_next2, dv_v2x_veracc_osp_up_next2, dv_v2xcl_rol_down_next2, dv_v2xcl_rol_up_next2, dv_v2xcs_ccsi_down_next2, dv_v2xcs_ccsi_up_next2"
760,2021,"dv_v2x_freexp_altinf_down_next2, dv_v2x_freexp_altinf_up_next2, dv_v2x_horacc_osp_down_next2, dv_v2x_horacc_osp_up_next2, dv_v2x_pubcorr_down_next2, dv_v2x_pubcorr_up_next2, dv_v2x_veracc_osp_down_next2, dv_v2x_veracc_osp_up_next2, dv_v2xcl_rol_down_next2, dv_v2xcl_rol_up_next2, dv_v2xcs_ccsi_down_next2, dv_v2xcs_ccsi_up_next2"
770,2021,"dv_v2x_freexp_altinf_down_next2, dv_v2x_freexp_altinf_up_next2, dv_v2x_horacc_osp_down_next2, dv_v2x_horacc_osp_up_next2, dv_v2x_pubcorr_down_next2, dv_v2x_pubcorr_up_next2, dv_v2x_veracc_osp_down_next2, dv_v2x_veracc_osp_up_next2, dv_v2xcl_rol_down_next2, dv_v2xcl_rol_up_next2, dv_v2xcs_ccsi_down_next2, dv_v2xcs_ccsi_up_next2"
771,2021,"dv_v2x_freexp_altinf_down_next2, dv_v2x_freexp_altinf_up_next2, dv_v2x_horacc_osp_down_next2, dv_v2x_horacc_osp_up_next2, dv_v2x_pubcorr_down_next2, dv_v2x_pubcorr_up_next2, dv_v2x_veracc_osp_down_next2, dv_v2x_veracc_osp_up_next2, dv_v2xcl_rol_down_next2, dv_v2xcl_rol_up_next2, dv_v2xcs_ccsi_down_next2, dv_v2xcs_ccsi_up_next2"
775,2021,"dv_v2x_freexp_altinf_down_next2, dv_v2x_freexp_altinf_up_next2, dv_v2x_horacc_osp_down_next2, dv_v2x_horacc_osp_up_next2, dv_v2x_pubcorr_down_next2, dv_v2x_pubcorr_up_next2, dv_v2x_veracc_osp_down_next2, dv_v2x_veracc_osp_up_next2, dv_v2xcl_rol_down_next2, dv_v2xcl_rol_up_next2, dv_v2xcs_ccsi_down_next2, dv_v2xcs_ccsi_up_next2"
780,2021,"dv_v2x_freexp_altinf_down_next2, dv_v2x_freexp_altinf_up_next2, dv_v2x_horacc_osp_down_next2, dv_v2x_horacc_osp_up_next2, dv_v2x_pubcorr_down_next2, dv_v2x_pubcorr_up_next2, dv_v2x_veracc_osp_down_next2, dv_v2x_veracc_osp_up_next2, dv_v2xcl_rol_down_next2, dv_v2xcl_rol_up_next2, dv_v2xcs_ccsi_down_next2, dv_v2xcs_ccsi_up_next2"
781,2021,"dv_v2x_freexp_altinf_down_next2, dv_v2x_freexp_altinf_up_next2, dv_v2x_horacc_osp_down_next2, dv_v2x_horacc_osp_up_next2, dv_v2x_pubcorr_down_next2, dv_v2x_pubcorr_up_next2, dv_v2x_veracc_osp_down_next2, dv_v2x_veracc_osp_up_next2, dv_v2xcl_rol_down_next2, dv_v2xcl_rol_up_next2, dv_v2xcs_ccsi_down_next2, dv_v2xcs_ccsi_up_next2"
790,2021,"dv_v2x_freexp_altinf_down_next2, dv_v2x_freexp_altinf_up_next2, dv_v2x_horacc_osp_down_next2, dv_v2x_horacc_osp_up_next2, dv_v2x_pubcorr_down_next2, dv_v2x_pubcorr_up_next2, dv_v2x_veracc_osp_down_next2, dv_v2x_veracc_osp_up_next2, dv_v2xcl_rol_down_next2, dv_v2xcl_rol_up_next2, dv_v2xcs_ccsi_down_next2, dv_v2xcs_ccsi_up_next2"
800,2021,"dv_v2x_freexp_altinf_down_next2, dv_v2x_freexp_altinf_up_next2, dv_v2x_horacc_osp_down_next2, dv_v2x_horacc_osp_up_next2, dv_v2x_pubcorr_down_next2, dv_v2x_pubcorr_up_next2, dv_v2x_veracc_osp_down_next2, dv_v2x_veracc_osp_up_next2, dv_v2xcl_rol_down_next2, dv_v2xcl_rol_up_next2, dv_v2xcs_ccsi_down_next2, dv_v2xcs_ccsi_up_next2"
811,2021,"dv_v2x_freexp_altinf_down_next2, dv_v2x_freexp_altinf_up_next2, dv_v2x_horacc_osp_down_next2, dv_v2x_horacc_osp_up_next2, dv_v2x_pubcorr_down_next2, dv_v2x_pubcorr_up_next2, dv_v2x_veracc_osp_down_next2, dv_v2x_veracc_osp_up_next2, dv_v2xcl_rol_down_next2, dv_v2xcl_rol_up_next2, dv_v2xcs_ccsi_down_next2, dv_v2xcs_ccsi_up_next2"
812,2021,"dv_v2x_freexp_altinf_down_next2, dv_v2x_freexp_altinf_up_next2, dv_v2x_horacc_osp_down_next2, dv_v2x_horacc_osp_up_next2, dv_v2x_pubcorr_down_next2, dv_v2x_pubcorr_up_next2, dv_v2x_veracc_osp_down_next2, dv_v2x_veracc_osp_up_next2, dv_v2xcl_rol_down_next2, dv_v2xcl_rol_up_next2, dv_v2xcs_ccsi_down_next2, dv_v2xcs_ccsi_up_next2"
816,2021,"dv_v2x_freexp_altinf_down_next2, dv_v2x_freexp_altinf_up_next2, dv_v2x_horacc_osp_down_next2, dv_v2x_horacc_osp_up_next2, dv_v2x_pubcorr_down_next2, dv_v2x_pubcorr_up_next2, dv_v2x_veracc_osp_down_next2, dv_v2x_veracc_osp_up_next2, dv_v2xcl_rol_down_next2, dv_v2xcl_rol_up_next2, dv_v2xcs_ccsi_down_next2, dv_v2xcs_ccsi_up_next2"
820,2021,"dv_v2x_freexp_altinf_down_next2, dv_v2x_freexp_altinf_up_next2, dv_v2x_horacc_osp_down_next2, dv_v2x_horacc_osp_up_next2, dv_v2x_pubcorr_down_next2, dv_v2x_pubcorr_up_next2, dv_v2x_veracc_osp_down_next2, dv_v2x_veracc_osp_up_next2, dv_v2xcl_rol_down_next2, dv_v2xcl_rol_up_next2, dv_v2xcs_ccsi_down_next2, dv_v2xcs_ccsi_up_next2"
830,2021,"dv_v2x_freexp_altinf_down_next2, dv_v2x_freexp_altinf_up_next2, dv_v2x_horacc_osp_down_next2, dv_v2x_horacc_osp_up_next2, dv_v2x_pubcorr_down_next2, dv_v2x_pubcorr_up_next2, dv_v2x_veracc_osp_down_next2, dv_v2x_veracc_osp_up_next2, dv_v2xcl_rol_down_next2, dv_v2xcl_rol_up_next2, dv_v2xcs_ccsi_down_next2, dv_v2xcs_ccsi_up_next2"
840,2021,"dv_v2x_freexp_altinf_down_next2, dv_v2x_freexp_altinf_up_next2, dv_v2x_horacc_osp_down_next2, dv_v2x_horacc_osp_up_next2, dv_v2x_pubcorr_down_next2, dv_v2x_pubcorr_up_next2, dv_v2x_veracc_osp_down_next2, dv_v2x_veracc_osp_up_next2, dv_v2xcl_rol_down_next2, dv_v2xcl_rol_up_next2, dv_v2xcs_ccsi_down_next2, dv_v2xcs_ccsi_up_next2"
850,2021,"dv_v2x_freexp_altinf_down_next2, dv_v2x_freexp_altinf_up_next2, dv_v2x_horacc_osp_down_next2, dv_v2x_horacc_osp_up_next2, dv_v2x_pubcorr_down_next2, dv_v2x_pubcorr_up_next2, dv_v2x_veracc_osp_down_next2, dv_v2x_veracc_osp_up_next2, dv_v2xcl_rol_down_next2, dv_v2xcl_rol_up_next2, dv_v2xcs_ccsi_down_next2, dv_v2xcs_ccsi_up_next2"
860,2021,"dv_v2x_freexp_altinf_down_next2, dv_v2x_freexp_altinf_up_next2, dv_v2x_horacc_osp_down_next2, dv_v2x_horacc_osp_up_next2, dv_v2x_pubcorr_down_next2, dv_v2x_pubcorr_up_next2, dv_v2x_veracc_osp_down_next2, dv_v2x_veracc_osp_up_next2, dv_v2xcl_rol_down_next2, dv_v2xcl_rol_up_next2, dv_v2xcs_ccsi_down_next2, dv_v2xcs_ccsi_up_next2"
900,2021,"dv_v2x_freexp_altinf_down_next2, dv_v2x_freexp_altinf_up_next2, dv_v2x_horacc_osp_down_next2, dv_v2x_horacc_osp_up_next2, dv_v2x_pubcorr_down_next2, dv_v2x_pubcorr_up_next2, dv_v2x_veracc_osp_down_next2, dv_v2x_veracc_osp_up_next2, dv_v2xcl_rol_down_next2, dv_v2xcl_rol_up_next2, dv_v2xcs_ccsi_down_next2, dv_v2xcs_ccsi_up_next2"
910,2021,"dv_v2x_freexp_altinf_down_next2, dv_v2x_freexp_altinf_up_next2, dv_v2x_horacc_osp_down_next2, dv_v2x_horacc_osp_up_next2, dv_v2x_pubcorr_down_next2, dv_v2x_pubcorr_up_next2, dv_v2x_veracc_osp_down_next2, dv_v2x_veracc_osp_up_next2, dv_v2xcl_rol_down_next2, dv_v2xcl_rol_up_next2, dv_v2xcs_ccsi_down_next2, dv_v2xcs_ccsi_up_next2"
920,2021,"dv_v2x_freexp_altinf_down_next2, dv_v2x_freexp_altinf_up_next2, dv_v2x_horacc_osp_down_next2, dv_v2x_horacc_osp_up_next2, dv_v2x_pubcorr_down_next2, dv_v2x_pubcorr_up_next2, dv_v2x_veracc_osp_down_next2, dv_v2x_veracc_osp_up_next2, dv_v2xcl_rol_down_next2, dv_v2xcl_rol_up_next2, dv_v2xcs_ccsi_down_next2, dv_v2xcs_ccsi_up_next2"
940,2021,"dv_v2x_freexp_altinf_down_next2, dv_v2x_freexp_altinf_up_next2, dv_v2x_horacc_osp_down_next2, dv_v2x_horacc_osp_up_next2, dv_v2x_pubcorr_down_next2, dv_v2x_pubcorr_up_next2, dv_v2x_veracc_osp_down_next2, dv_v2x_veracc_osp_up_next2, dv_v2xcl_rol_down_next2, dv_v2xcl_rol_up_next2, dv_v2xcs_ccsi_down_next2, dv_v2xcs_ccsi_up_next2"
950,2021,"dv_v2x_freexp_altinf_down_next2, dv_v2x_freexp_altinf_up_next2, dv_v2x_horacc_osp_down_next2, dv_v2x_horacc_osp_up_next2, dv_v2x_pubcorr_down_next2, dv_v2x_pubcorr_up_next2, dv_v2x_veracc_osp_down_next2, dv_v2x_veracc_osp_up_next2, dv_v2xcl_rol_down_next2, dv_v2xcl_rol_up_next2, dv_v2xcs_ccsi_down_next2, dv_v2xcs_ccsi_up_next2"
2,2023,"v2x_freexp_altinf, v2x_horacc_osp, v2x_pubcorr, v2x_veracc_osp, v2xcl_rol, v2xcs_ccsi"
20,2023,"v2x_freexp_altinf, v2x_horacc_osp, v2x_pubcorr, v2x_veracc_osp, v2xcl_rol, v2xcs_ccsi"
40,2023,"v2x_freexp_altinf, v2x_horacc_osp, v2x_pubcorr, v2x_veracc_osp, v2xcl_rol, v2xcs_ccsi"
41,2023,"v2x_freexp_altinf, v2x_horacc_osp, v2x_pubcorr, v2x_veracc_osp, v2xcl_rol, v2xcs_ccsi"
42,2023,"v2x_freexp_altinf, v2x_horacc_osp, v2x_pubcorr, v2x_veracc_osp, v2xcl_rol, v2xcs_ccsi"
51,2023,"v2x_freexp_altinf, v2x_horacc_osp, v2x_pubcorr, v2x_veracc_osp, v2xcl_rol, v2xcs_ccsi"
52,2023,"v2x_freexp_altinf, v2x_horacc_osp, v2x_pubcorr, v2x_veracc_osp, v2xcl_rol, v2xcs_ccsi"
53,2023,"v2x_freexp_altinf, v2x_horacc_osp, v2x_pubcorr, v2x_veracc_osp, v2xcl_rol, v2xcs_ccsi"
70,2023,"v2x_freexp_altinf, v2x_horacc_osp, v2x_pubcorr, v2x_veracc_osp, v2xcl_rol, v2xcs_ccsi"
90,2023,"v2x_freexp_altinf, v2x_horacc_osp, v2x_pubcorr, v2x_veracc_osp, v2xcl_rol, v2xcs_ccsi"
91,2023,"v2x_freexp_altinf, v2x_horacc_osp, v2x_pubcorr, v2x_veracc_osp, v2xcl_rol, v2xcs_ccsi"
92,2023,"v2x_freexp_altinf, v2x_horacc_osp, v2x_pubcorr, v2x_veracc_osp, v2xcl_rol, v2xcs_ccsi"
93,2023,"v2x_freexp_altinf, v2x_horacc_osp, v2x_pubcorr, v2x_veracc_osp, v2xcl_rol, v2xcs_ccsi"
94,2023,"v2x_freexp_altinf, v2x_horacc_osp, v2x_pubcorr, v2x_veracc_osp, v2xcl_rol, v2xcs_ccsi"
95,2023,"v2x_freexp_altinf, v2x_horacc_osp, v2x_pubcorr, v2x_veracc_osp, v2xcl_rol, v2xcs_ccsi"
100,2023,"v2x_freexp_altinf, v2x_horacc_osp, v2x_pubcorr, v2x_veracc_osp, v2xcl_rol, v2xcs_ccsi"
101,2023,"v2x_freexp_altinf, v2x_horacc_osp, v2x_pubcorr, v2x_veracc_osp, v2xcl_rol, v2xcs_ccsi"
110,2023,"v2x_freexp_altinf, v2x_horacc_osp, v2x_pubcorr, v2x_veracc_osp, v2xcl_rol, v2xcs_ccsi"
115,2023,"v2x_freexp_altinf, v2x_horacc_osp, v2x_pubcorr, v2x_veracc_osp, v2xcl_rol, v2xcs_ccsi"
130,2023,"v2x_freexp_altinf, v2x_horacc_osp, v2x_pubcorr, v2x_veracc_osp, v2xcl_rol, v2xcs_ccsi"
135,2023,"v2x_freexp_altinf, v2x_horacc_osp, v2x_pubcorr, v2x_veracc_osp, v2xcl_rol, v2xcs_ccsi"
140,2023,"v2x_freexp_altinf, v2x_horacc_osp, v2x_pubcorr, v2x_veracc_osp, v2xcl_rol, v2xcs_ccsi"
145,2023,"v2x_freexp_altinf, v2x_horacc_osp, v2x_pubcorr, v2x_veracc_osp, v2xcl_rol, v2xcs_ccsi"
150,2023,"v2x_freexp_altinf, v2x_horacc_osp, v2x_pubcorr, v2x_veracc_osp, v2xcl_rol, v2xcs_ccsi"
155,2023,"v2x_freexp_altinf, v2x_horacc_osp, v2x_pubcorr, v2x_veracc_osp, v2xcl_rol, v2xcs_ccsi"
160,2023,"v2x_freexp_altinf, v2x_horacc_osp, v2x_pubcorr, v2x_veracc_osp, v2xcl_rol, v2xcs_ccsi"
165,2023,"v2x_freexp_altinf, v2x_horacc_osp, v2x_pubcorr, v2x_veracc_osp, v2xcl_rol, v2xcs_ccsi"
200,2023,"v2x_freexp_altinf, v2x_horacc_osp, v2x_pubcorr, v2x_veracc_osp, v2xcl_rol, v2xcs_ccsi"
205,2023,"v2x_freexp_altinf, v2x_horacc_osp, v2x_pubcorr, v2x_veracc_osp, v2xcl_rol, v2xcs_ccsi"
210,2023,"v2x_freexp_altinf, v2x_horacc_osp, v2x_pubcorr, v2x_veracc_osp, v2xcl_rol, v2xcs_ccsi"
211,2023,"v2x_freexp_altinf, v2x_horacc_osp, v2x_pubcorr, v2x_veracc_osp, v2xcl_rol, v2xcs_ccsi"
212,2023,"v2x_freexp_altinf, v2x_horacc_osp, v2x_pubcorr, v2x_veracc_osp, v2xcl_rol, v2xcs_ccsi"
220,2023,"v2x_freexp_altinf, v2x_horacc_osp, v2x_pubcorr, v2x_veracc_osp, v2xcl_rol, v2xcs_ccsi"
225,2023,"v2x_freexp_altinf, v2x_horacc_osp, v2x_pubcorr, v2x_veracc_osp, v2xcl_rol, v2xcs_ccsi"
230,2023,"v2x_freexp_altinf, v2x_horacc_osp, v2x_pubcorr, v2x_veracc_osp, v2xcl_rol, v2xcs_ccsi"
235,2023,"v2x_freexp_altinf, v2x_horacc_osp, v2x_pubcorr, v2x_veracc_osp, v2xcl_rol, v2xcs_ccsi"
260,2023,"v2x_freexp_altinf, v2x_horacc_osp, v2x_pubcorr, v2x_veracc_osp, v2xcl_rol, v2xcs_ccsi"
290,2023,"v2x_freexp_altinf, v2x_horacc_osp, v2x_pubcorr, v2x_veracc_osp, v2xcl_rol, v2xcs_ccsi"
305,2023,"v2x_freexp_altinf, v2x_horacc_osp, v2x_pubcorr, v2x_veracc_osp, v2xcl_rol, v2xcs_ccsi"
310,2023,"v2x_freexp_altinf, v2x_horacc_osp, v2x_pubcorr, v2x_veracc_osp, v2xcl_rol, v2xcs_ccsi"
316,2023,"v2x_freexp_altinf, v2x_horacc_osp, v2x_pubcorr, v2x_veracc_osp, v2xcl_rol, v2xcs_ccsi"
317,2023,"v2x_freexp_altinf, v2x_horacc_osp, v2x_pubcorr, v2x_veracc_osp, v2xcl_rol, v2xcs_ccsi"
325,2023,"v2x_freexp_altinf, v2x_horacc_osp, v2x_pubcorr, v2x_veracc_osp, v2xcl_rol, v2xcs_ccsi"
339,2023,"v2x_freexp_altinf, v2x_horacc_osp, v2x_pubcorr, v2x_veracc_osp, v2xcl_rol, v2xcs_ccsi"
340,2023,"v2x_freexp_altinf, v2x_horacc_osp, v2x_pubcorr, v2x_veracc_osp, v2xcl_rol, v2xcs_ccsi"
341,2023,"v2x_freexp_altinf, v2x_horacc_osp, v2x_pubcorr, v2x_veracc_osp, v2xcl_rol, v2xcs_ccsi"
343,2023,"v2x_freexp_altinf, v2x_horacc_osp, v2x_pubcorr, v2x_veracc_osp, v2xcl_rol, v2xcs_ccsi"
344,2023,"v2x_freexp_altinf, v2x_horacc_osp, v2x_pubcorr, v2x_veracc_osp, v2xcl_rol, v2xcs_ccsi"
346,2023,"v2x_freexp_altinf, v2x_horacc_osp, v2x_pubcorr, v2x_veracc_osp, v2xcl_rol, v2xcs_ccsi"
347,2023,"v2x_freexp_altinf, v2x_horacc_osp, v2x_pubcorr, v2x_veracc_osp, v2xcl_rol, v2xcs_ccsi"
349,2023,"v2x_freexp_altinf, v2x_horacc_osp, v2x_pubcorr, v2x_veracc_osp, v2xcl_rol, v2xcs_ccsi"
350,2023,"v2x_freexp_altinf, v2x_horacc_osp, v2x_pubcorr, v2x_veracc_osp, v2xcl_rol, v2xcs_ccsi"
352,2023,"v2x_freexp_altinf, v2x_horacc_osp, v2x_pubcorr, v2x_veracc_osp, v2xcl_rol, v2xcs_ccsi"
355,2023,"v2x_freexp_altinf, v2x_horacc_osp, v2x_pubcorr, v2x_veracc_osp, v2xcl_rol, v2xcs_ccsi"
359,2023,"v2x_freexp_altinf, v2x_horacc_osp, v2x_pubcorr, v2x_veracc_osp, v2xcl_rol, v2xcs_ccsi"
360,2023,"v2x_freexp_altinf, v2x_horacc_osp, v2x_pubcorr, v2x_veracc_osp, v2xcl_rol, v2xcs_ccsi"
365,2023,"v2x_freexp_altinf, v2x_horacc_osp, v2x_pubcorr, v2x_veracc_osp, v2xcl_rol, v2xcs_ccsi"
366,2023,"v2x_freexp_altinf, v2x_horacc_osp, v2x_pubcorr, v2x_veracc_osp, v2xcl_rol, v2xcs_ccsi"
367,2023,"v2x_freexp_altinf, v2x_horacc_osp, v2x_pubcorr, v2x_veracc_osp, v2xcl_rol, v2xcs_ccsi"
368,2023,"v2x_freexp_altinf, v2x_horacc_osp, v2x_pubcorr, v2x_veracc_osp, v2xcl_rol, v2xcs_ccsi"
369,2023,"v2x_freexp_altinf, v2x_horacc_osp, v2x_pubcorr, v2x_veracc_osp, v2xcl_rol, v2xcs_ccsi"
370,2023,"v2x_freexp_altinf, v2x_horacc_osp, v2x_pubcorr, v2x_veracc_osp, v2xcl_rol, v2xcs_ccsi"
371,2023,"v2x_freexp_altinf, v2x_horacc_osp, v2x_pubcorr, v2x_veracc_osp, v2xcl_rol, v2xcs_ccsi"
372,2023,"v2x_freexp_altinf, v2x_horacc_osp, v2x_pubcorr, v2x_veracc_osp, v2xcl_rol, v2xcs_ccsi"
373,2023,"v2x_freexp_altinf, v2x_horacc_osp, v2x_pubcorr, v2x_veracc_osp, v2xcl_rol, v2xcs_ccsi"
375,2023,"v2x_freexp_altinf, v2x_horacc_osp, v2x_pubcorr, v2x_veracc_osp, v2xcl_rol, v2xcs_ccsi"
380,2023,"v2x_freexp_altinf, v2x_horacc_osp, v2x_pubcorr, v2x_veracc_osp, v2xcl_rol, v2xcs_ccsi"
385,2023,"v2x_freexp_altinf, v2x_horacc_osp, v2x_pubcorr, v2x_veracc_osp, v2xcl_rol, v2xcs_ccsi"
390,2023,"v2x_freexp_altinf, v2x_horacc_osp, v2x_pubcorr, v2x_veracc_osp, v2xcl_rol, v2xcs_ccsi"
395,2023,"v2x_freexp_altinf, v2x_horacc_osp, v2x_pubcorr, v2x_veracc_osp, v2xcl_rol, v2xcs_ccsi"
402,2023,"v2x_freexp_altinf, v2x_horacc_osp, v2x_pubcorr, v2x_veracc_osp, v2xcl_rol, v2xcs_ccsi"
404,2023,"v2x_freexp_altinf, v2x_horacc_osp, v2x_pubcorr, v2x_veracc_osp, v2xcl_rol, v2xcs_ccsi"
411,2023,"v2x_freexp_altinf, v2x_horacc_osp, v2x_pubcorr, v2x_veracc_osp, v2xcl_rol, v2xcs_ccsi"
420,2023,"v2x_freexp_altinf, v2x_horacc_osp, v2x_pubcorr, v2x_veracc_osp, v2xcl_rol, v2xcs_ccsi"
432,2023,"v2x_freexp_altinf, v2x_horacc_osp, v2x_pubcorr, v2x_veracc_osp, v2xcl_rol, v2xcs_ccsi"
433,2023,"v2x_freexp_altinf, v2x_horacc_osp, v2x_pubcorr, v2x_veracc_osp, v2xcl_rol, v2xcs_ccsi"
434,2023,"v2x_freexp_altinf, v2x_horacc_osp, v2x_pubcorr, v2x_veracc_osp, v2xcl_rol, v2xcs_ccsi"
435,2023,"v2x_freexp_altinf, v2x_horacc_osp, v2x_pubcorr, v2x_veracc_osp, v2xcl_rol, v2xcs_ccsi"
436,2023,"v2x_freexp_altinf, v2x_horacc_osp, v2x_pubcorr, v2x_veracc_osp, v2xcl_rol, v2xcs_ccsi"
437,2023,"v2x_freexp_altinf, v2x_horacc_osp, v2x_pubcorr, v2x_veracc_osp, v2xcl_rol, v2xcs_ccsi"
438,2023,"v2x_freexp_altinf, v2x_horacc_osp, v2x_pubcorr, v2x_veracc_osp, v2xcl_rol, v2xcs_ccsi"
439,2023,"v2x_freexp_altinf, v2x_horacc_osp, v2x_pubcorr, v2x_veracc_osp, v2xcl_rol, v2xcs_ccsi"
450,2023,"v2x_freexp_altinf, v2x_horacc_osp, v2x_pubcorr, v2x_veracc_osp, v2xcl_rol, v2xcs_ccsi"
451,2023,"v2x_freexp_altinf, v2x_horacc_osp, v2x_pubcorr, v2x_veracc_osp, v2xcl_rol, v2xcs_ccsi"
452,2023,"v2x_freexp_altinf, v2x_horacc_osp, v2x_pubcorr, v2x_veracc_osp, v2xcl_rol, v2xcs_ccsi"
461,2023,"v2x_freexp_altinf, v2x_horacc_osp, v2x_pubcorr, v2x_veracc_osp, v2xcl_rol, v2xcs_ccsi"
471,2023,"v2x_freexp_altinf, v2x_horacc_osp, v2x_pubcorr, v2x_veracc_osp, v2xcl_rol, v2xcs_ccsi"
475,2023,"v2x_freexp_altinf, v2x_horacc_osp, v2x_pubcorr, v2x_veracc_osp, v2xcl_rol, v2xcs_ccsi"
481,2023,"v2x_freexp_altinf, v2x_horacc_osp, v2x_pubcorr, v2x_veracc_osp, v2xcl_rol, v2xcs_ccsi"
482,2023,"v2x_freexp_altinf, v2x_horacc_osp, v2x_pubcorr, v2x_veracc_osp, v2xcl_rol, v2xcs_ccsi"
483,2023,"v2x_freexp_altinf, v2x_horacc_osp, v2x_pubcorr, v2x_veracc_osp, v2xcl_rol, v2xcs_ccsi"
484,2023,"v2x_freexp_altinf, v2x_horacc_osp, v2x_pubcorr, v2x_veracc_osp, v2xcl_rol, v2xcs_ccsi"
490,2023,"v2x_freexp_altinf, v2x_horacc_osp, v2x_pubcorr, v2x_veracc_osp, v2xcl_rol, v2xcs_ccsi"
500,2023,"v2x_freexp_altinf, v2x_horacc_osp, v2x_pubcorr, v2x_veracc_osp, v2xcl_rol, v2xcs_ccsi"
501,2023,"v2x_freexp_altinf, v2x_horacc_osp, v2x_pubcorr, v2x_veracc_osp, v2xcl_rol, v2xcs_ccsi"
510,2023,"v2x_freexp_altinf, v2x_horacc_osp, v2x_pubcorr, v2x_veracc_osp, v2xcl_rol, v2xcs_ccsi"
516,2023,"v2x_freexp_altinf, v2x_horacc_osp, v2x_pubcorr, v2x_veracc_osp, v2xcl_rol, v2xcs_ccsi"
517,2023,"v2x_freexp_altinf, v2x_horacc_osp, v2x_pubcorr, v2x_veracc_osp, v2xcl_rol, v2xcs_ccsi"
520,2023,"v2x_freexp_altinf, v2x_horacc_osp, v2x_pubcorr, v2x_veracc_osp, v2xcl_rol, v2xcs_ccsi"
522,2023,"v2x_freexp_altinf, v2x_horacc_osp, v2x_pubcorr, v2x_veracc_osp, v2xcl_rol, v2xcs_ccsi"
530,2023,"v2x_freexp_altinf, v2x_horacc_osp, v2x_pubcorr, v2x_veracc_osp, v2xcl_rol, v2xcs_ccsi"
531,2023,"v2x_freexp_altinf, v2x_horacc_osp, v2x_pubcorr, v2x_veracc_osp, v2xcl_rol, v2xcs_ccsi"
540,2023,"v2x_freexp_altinf, v2x_horacc_osp, v2x_pubcorr, v2x_veracc_osp, v2xcl_rol, v2xcs_ccsi"
541,2023,"v2x_freexp_altinf, v2x_horacc_osp, v2x_pubcorr, v2x_veracc_osp, v2xcl_rol, v2xcs_ccsi"
551,2023,"v2x_freexp_altinf, v2x_horacc_osp, v2x_pubcorr, v2x_veracc_osp, v2xcl_rol, v2xcs_ccsi"
552,2023,"v2x_freexp_altinf, v2x_horacc_osp, v2x_pubcorr, v2x_veracc_osp, v2xcl_rol, v2xcs_ccsi"
553,2023,"v2x_freexp_altinf, v2x_horacc_osp, v2x_pubcorr, v2x_veracc_osp, v2xcl_rol, v2xcs_ccsi"
560,2023,"v2x_freexp_altinf, v2x_horacc_osp, v2x_pubcorr, v2x_veracc_osp, v2xcl_rol, v2xcs_ccsi"
565,2023,"v2x_freexp_altinf, v2x_horacc_osp, v2x_pubcorr, v2x_veracc_osp, v2xcl_rol, v2xcs_ccsi"
570,2023,"v2x_freexp_altinf, v2x_horacc_osp, v2x_pubcorr, v2x_veracc_osp, v2xcl_rol, v2xcs_ccsi"
571,2023,"v2x_freexp_altinf, v2x_horacc_osp, v2x_pubcorr, v2x_veracc_osp, v2xcl_rol, v2xcs_ccsi"
572,2023,"v2x_freexp_altinf, v2x_horacc_osp, v2x_pubcorr, v2x_veracc_osp, v2xcl_rol, v2xcs_ccsi"
580,2023,"v2x_freexp_altinf, v2x_horacc_osp, v2x_pubcorr, v2x_veracc_osp, v2xcl_rol, v2xcs_ccsi"
581,2023,"v2x_freexp_altinf, v2x_horacc_osp, v2x_pubcorr, v2x_veracc_osp, v2xcl_rol, v2xcs_ccsi"
590,2023,"v2x_freexp_altinf, v2x_horacc_osp, v2x_pubcorr, v2x_veracc_osp, v2xcl_rol, v2xcs_ccsi"
600,2023,"v2x_freexp_altinf, v2x_horacc_osp, v2x_pubcorr, v2x_veracc_osp, v2xcl_rol, v2xcs_ccsi"
615,2023,"v2x_freexp_altinf, v2x_horacc_osp, v2x_pubcorr, v2x_veracc_osp, v2xcl_rol, v2xcs_ccsi"
616,2023,"v2x_freexp_altinf, v2x_horacc_osp, v2x_pubcorr, v2x_veracc_osp, v2xcl_rol, v2xcs_ccsi"
620,2023,"v2x_freexp_altinf, v2x_horacc_osp, v2x_pubcorr, v2x_veracc_osp, v2xcl_rol, v2xcs_ccsi"
625,2023,"v2x_freexp_altinf, v2x_horacc_osp, v2x_pubcorr, v2x_veracc_osp, v2xcl_rol, v2xcs_ccsi"
626,2023,"v2x_freexp_altinf, v2x_horacc_osp, v2x_pubcorr, v2x_veracc_osp, v2xcl_rol, v2xcs_ccsi"
630,2023,"v2x_freexp_altinf, v2x_horacc_osp, v2x_pubcorr, v2x_veracc_osp, v2xcl_rol, v2xcs_ccsi"
640,2023,"v2x_freexp_altinf, v2x_horacc_osp, v2x_pubcorr, v2x_veracc_osp, v2xcl_rol, v2xcs_ccsi"
645,2023,"v2x_freexp_altinf, v2x_horacc_osp, v2x_pubcorr, v2x_veracc_osp, v2xcl_rol, v2xcs_ccsi"
651,2023,"v2x_freexp_altinf, v2x_horacc_osp, v2x_pubcorr, v2x_veracc_osp, v2xcl_rol, v2xcs_ccsi"
652,2023,"v2x_freexp_altinf, v2x_horacc_osp, v2x_pubcorr, v2x_veracc_osp, v2xcl_rol, v2xcs_ccsi"
660,2023,"v2x_freexp_altinf, v2x_horacc_osp, v2x_pubcorr, v2x_veracc_osp, v2xcl_rol, v2xcs_ccsi"
663,2023,"v2x_freexp_altinf, v2x_horacc_osp, v2x_pubcorr, v2x_veracc_osp, v2xcl_rol, v2xcs_ccsi"
666,2023,"v2x_freexp_altinf, v2x_horacc_osp, v2x_pubcorr, v2x_veracc_osp, v2xcl_rol, v2xcs_ccsi"
670,2023,"v2x_freexp_altinf, v2x_horacc_osp, v2x_pubcorr, v2x_veracc_osp, v2xcl_rol, v2xcs_ccsi"
678,2023,"v2x_freexp_altinf, v2x_horacc_osp, v2x_pubcorr, v2x_veracc_osp, v2xcl_rol, v2xcs_ccsi"
690,2023,"v2x_freexp_altinf, v2x_horacc_osp, v2x_pubcorr, v2x_veracc_osp, v2xcl_rol, v2xcs_ccsi"
694,2023,"v2x_freexp_altinf, v2x_horacc_osp, v2x_pubcorr, v2x_veracc_osp, v2xcl_rol, v2xcs_ccsi"
696,2023,"v2x_freexp_altinf, v2x_horacc_osp, v2x_pubcorr, v2x_veracc_osp, v2xcl_rol, v2xcs_ccsi"
698,2023,"v2x_freexp_altinf, v2x_horacc_osp, v2x_pubcorr, v2x_veracc_osp, v2xcl_rol, v2xcs_ccsi"
700,2023,"v2x_freexp_altinf, v2x_horacc_osp, v2x_pubcorr, v2x_veracc_osp, v2xcl_rol, v2xcs_ccsi"
701,2023,"v2x_freexp_altinf, v2x_horacc_osp, v2x_pubcorr, v2x_veracc_osp, v2xcl_rol, v2xcs_ccsi"
702,2023,"v2x_freexp_altinf, v2x_horacc_osp, v2x_pubcorr, v2x_veracc_osp, v2xcl_rol, v2xcs_ccsi"
703,2023,"v2x_freexp_altinf, v2x_horacc_osp, v2x_pubcorr, v2x_veracc_osp, v2xcl_rol, v2xcs_ccsi"
704,2023,"v2x_freexp_altinf, v2x_horacc_osp, v2x_pubcorr, v2x_veracc_osp, v2xcl_rol, v2xcs_ccsi"
705,2023,"v2x_freexp_altinf, v2x_horacc_osp, v2x_pubcorr, v2x_veracc_osp, v2xcl_rol, v2xcs_ccsi"
710,2023,"v2x_freexp_altinf, v2x_horacc_osp, v2x_pubcorr, v2x_veracc_osp, v2xcl_rol, v2xcs_ccsi"
712,2023,"v2x_freexp_altinf, v2x_horacc_osp, v2x_pubcorr, v2x_veracc_osp, v2xcl_rol, v2xcs_ccsi"
713,2023,"v2x_freexp_altinf, v2x_horacc_osp, v2x_pubcorr, v2x_veracc_osp, v2xcl_rol, v2xcs_ccsi"
731,2023,"v2x_freexp_altinf, v2x_horacc_osp, v2x_pubcorr, v2x_veracc_osp, v2xcl_rol, v2xcs_ccsi"
732,2023,"v2x_freexp_altinf, v2x_horacc_osp, v2x_pubcorr, v2x_veracc_osp, v2xcl_rol, v2xcs_ccsi"
740,2023,"v2x_freexp_altinf, v2x_horacc_osp, v2x_pubcorr, v2x_veracc_osp, v2xcl_rol, v2xcs_ccsi"
750,2023,"v2x_freexp_altinf, v2x_horacc_osp, v2x_pubcorr, v2x_veracc_osp, v2xcl_rol, v2xcs_ccsi"
760,2023,"v2x_freexp_altinf, v2x_horacc_osp, v2x_pubcorr, v2x_veracc_osp, v2xcl_rol, v2xcs_ccsi"
770,2023,"v2x_freexp_altinf, v2x_horacc_osp, v2x_pubcorr, v2x_veracc_osp, v2xcl_rol, v2xcs_ccsi"
771,2023,"v2x_freexp_altinf, v2x_horacc_osp, v2x_pubcorr, v2x_veracc_osp, v2xcl_rol, v2xcs_ccsi"
775,2023,"v2x_freexp_altinf, v2x_horacc_osp, v2x_pubcorr, v2x_veracc_osp, v2xcl_rol, v2xcs_ccsi"
780,2023,"v2x_freexp_altinf, v2x_horacc_osp, v2x_pubcorr, v2x_veracc_osp, v2xcl_rol, v2xcs_ccsi"
781,2023,"v2x_freexp_altinf, v2x_horacc_osp, v2x_pubcorr, v2x_veracc_osp, v2xcl_rol, v2xcs_ccsi"
790,2023,"v2x_freexp_altinf, v2x_horacc_osp, v2x_pubcorr, v2x_veracc_osp, v2xcl_rol, v2xcs_ccsi"
800,2023,"v2x_freexp_altinf, v2x_horacc_osp, v2x_pubcorr, v2x_veracc_osp, v2xcl_rol, v2xcs_ccsi"
811,2023,"v2x_freexp_altinf, v2x_horacc_osp, v2x_pubcorr, v2x_veracc_osp, v2xcl_rol, v2xcs_ccsi"
812,2023,"v2x_freexp_altinf, v2x_horacc_osp, v2x_pubcorr, v2x_veracc_osp, v2xcl_rol, v2xcs_ccsi"
816,2023,"v2x_freexp_altinf, v2x_horacc_osp, v2x_pubcorr, v2x_veracc_osp, v2xcl_rol, v2xcs_ccsi"
820,2023,"v2x_freexp_altinf, v2x_horacc_osp, v2x_pubcorr, v2x_veracc_osp, v2xcl_rol, v2xcs_ccsi"
830,2023,"v2x_freexp_altinf, v2x_horacc_osp, v2x_pubcorr, v2x_veracc_osp, v2xcl_rol, v2xcs_ccsi"
840,2023,"v2x_freexp_altinf, v2x_horacc_osp, v2x_pubcorr, v2x_veracc_osp, v2xcl_rol, v2xcs_ccsi"
850,2023,"v2x_freexp_altinf, v2x_horacc_osp, v2x_pubcorr, v2x_veracc_osp, v2xcl_rol, v2xcs_ccsi"
860,2023,"v2x_freexp_altinf, v2x_horacc_osp, v2x_pubcorr, v2x_veracc_osp, v2xcl_rol, v2xcs_ccsi"
900,2023,"v2x_freexp_altinf, v2x_horacc_osp, v2x_pubcorr, v2x_veracc_osp, v2xcl_rol, v2xcs_ccsi"
910,2023,"v2x_freexp_altinf, v2x_horacc_osp, v2x_pubcorr, v2x_veracc_osp, v2xcl_rol, v2xcs_ccsi"
920,2023,"v2x_freexp_altinf, v2x_horacc_osp, v2x_pubcorr, v2x_veracc_osp, v2xcl_rol, v2xcs_ccsi"
940,2023,"v2x_freexp_altinf, v2x_horacc_osp, v2x_pubcorr, v2x_veracc_osp, v2xcl_rol, v2xcs_ccsi"
950,2023,"v2x_freexp_altinf, v2x_horacc_osp, v2x_pubcorr, v2x_veracc_osp, v2xcl_rol, v2xcs_ccsi"
