From_Year,For_Years,Space,Country,p_up,p_same,p_down
2020,2021 - 2022,Associational,Afghanistan,0.127,0.795,0.09
2020,2021 - 2022,Associational,Albania,0.094,0.683,0.246
2020,2021 - 2022,Associational,Algeria,0.194,0.62,0.23
2020,2021 - 2022,Associational,Angola,0.092,0.868,0.043
2020,2021 - 2022,Associational,Argentina,0.022,0.882,0.098
2020,2021 - 2022,Associational,Armenia,0.048,0.752,0.21
2020,2021 - 2022,Associational,Australia,0.046,0.47,0.508
2020,2021 - 2022,Associational,Austria,0.019,0.928,0.054
2020,2021 - 2022,Associational,Azerbaijan,0.413,0.375,0.36
2020,2021 - 2022,Associational,Bangladesh,0.491,0.371,0.27
2020,2021 - 2022,Associational,Barbados,0.008,0.985,0.008
2020,2021 - 2022,Associational,Belarus (Byelorussia),0.408,0.446,0.246
2020,2021 - 2022,Associational,Belgium,0.027,0.956,0.018
2020,2021 - 2022,Associational,Benin,0.256,0.544,0.269
2020,2021 - 2022,Associational,Bhutan,0.272,0.482,0.338
2020,2021 - 2022,Associational,Bolivia,0.236,0.434,0.432
2020,2021 - 2022,Associational,Bosnia-Herzegovina,0.066,0.84,0.101
2020,2021 - 2022,Associational,Botswana,0.216,0.679,0.134
2020,2021 - 2022,Associational,Brazil,0.214,0.564,0.282
2020,2021 - 2022,Associational,Bulgaria,0.131,0.732,0.158
2020,2021 - 2022,Associational,Burkina Faso,0.073,0.798,0.139
2020,2021 - 2022,Associational,Burundi,0.254,0.713,0.043
2020,2021 - 2022,Associational,Cambodia (Kampuchea),0.177,0.795,0.034
2020,2021 - 2022,Associational,Cameroon,0.229,0.691,0.103
2020,2021 - 2022,Associational,Canada,0.023,0.929,0.049
2020,2021 - 2022,Associational,Cape Verde,0.013,0.937,0.05
2020,2021 - 2022,Associational,CAR,0.228,0.388,0.498
2020,2021 - 2022,Associational,Chad,0.103,0.859,0.042
2020,2021 - 2022,Associational,Chile,0.123,0.765,0.128
2020,2021 - 2022,Associational,China,0.092,0.884,0.026
2020,2021 - 2022,Associational,Colombia,0.398,0.27,0.551
2020,2021 - 2022,Associational,Comoros,0.208,0.702,0.114
2020,2021 - 2022,Associational,Congo,0.423,0.457,0.208
2020,2021 - 2022,Associational,Costa Rica,0.002,0.978,0.02
2020,2021 - 2022,Associational,Cote D'Ivoire,0.186,0.712,0.126
2020,2021 - 2022,Associational,Croatia,0.18,0.658,0.198
2020,2021 - 2022,Associational,Cuba,0.103,0.88,0.019
2020,2021 - 2022,Associational,Cyprus,0.052,0.771,0.187
2020,2021 - 2022,Associational,Czech Republic,0.04,0.882,0.081
2020,2021 - 2022,Associational,Denmark,0.014,0.951,0.036
2020,2021 - 2022,Associational,Djibouti,0.144,0.82,0.041
2020,2021 - 2022,Associational,Dominican Republic,0.046,0.783,0.18
2020,2021 - 2022,Associational,DR Congo,0.248,0.633,0.159
2020,2021 - 2022,Associational,East Timor,0.063,0.864,0.078
2020,2021 - 2022,Associational,Ecuador,0.247,0.211,0.72
2020,2021 - 2022,Associational,Egypt,0.122,0.849,0.033
2020,2021 - 2022,Associational,El Salvador,0.289,0.625,0.121
2020,2021 - 2022,Associational,Equatorial Guinea,0.096,0.88,0.027
2020,2021 - 2022,Associational,Eritrea,0.072,0.915,0.013
2020,2021 - 2022,Associational,Estonia,0.029,0.93,0.042
2020,2021 - 2022,Associational,Ethiopia,0.366,0.494,0.221
2020,2021 - 2022,Associational,Fiji,0.259,0.634,0.144
2020,2021 - 2022,Associational,Finland,0.014,0.955,0.031
2020,2021 - 2022,Associational,France,0.064,0.896,0.042
2020,2021 - 2022,Associational,Gabon,0.217,0.504,0.357
2020,2021 - 2022,Associational,Gambia,0.062,0.858,0.086
2020,2021 - 2022,Associational,Georgia,0.189,0.76,0.063
2020,2021 - 2022,Associational,German Federal Republic,0.01,0.97,0.02
2020,2021 - 2022,Associational,Ghana,0.008,0.945,0.048
2020,2021 - 2022,Associational,Greece,0.029,0.944,0.028
2020,2021 - 2022,Associational,Guatemala,0.247,0.485,0.356
2020,2021 - 2022,Associational,Guinea,0.177,0.732,0.111
2020,2021 - 2022,Associational,Guinea-Bissau,0.166,0.785,0.059
2020,2021 - 2022,Associational,Guyana,0.027,0.739,0.241
2020,2021 - 2022,Associational,Haiti,0.148,0.765,0.102
2020,2021 - 2022,Associational,Honduras,0.081,0.833,0.093
2020,2021 - 2022,Associational,Hungary,0.211,0.607,0.231
2020,2021 - 2022,Associational,Iceland,0.013,0.929,0.059
2020,2021 - 2022,Associational,India,0.25,0.239,0.681
2020,2021 - 2022,Associational,Indonesia,0.151,0.562,0.338
2020,2021 - 2022,Associational,Iran,0.234,0.72,0.06
2020,2021 - 2022,Associational,Iraq,0.409,0.401,0.321
2020,2021 - 2022,Associational,Ireland,0.008,0.98,0.012
2020,2021 - 2022,Associational,Israel,0.166,0.742,0.111
2020,2021 - 2022,Associational,Italy/Sardinia,0.02,0.934,0.047
2020,2021 - 2022,Associational,Jamaica,0.001,0.977,0.022
2020,2021 - 2022,Associational,Japan,0.364,0.582,0.084
2020,2021 - 2022,Associational,Jordan,0.098,0.846,0.062
2020,2021 - 2022,Associational,Kazakhstan,0.07,0.91,0.021
2020,2021 - 2022,Associational,Kenya,0.137,0.699,0.19
2020,2021 - 2022,Associational,Kosovo,0.063,0.797,0.149
2020,2021 - 2022,Associational,Kuwait,0.24,0.74,0.027
2020,2021 - 2022,Associational,Kyrgyz Republic,0.443,0.398,0.286
2020,2021 - 2022,Associational,Laos,0.07,0.922,0.009
2020,2021 - 2022,Associational,Latvia,0.002,0.875,0.123
2020,2021 - 2022,Associational,Lebanon,0.073,0.735,0.207
2020,2021 - 2022,Associational,Lesotho,0.01,0.948,0.042
2020,2021 - 2022,Associational,Liberia,0.023,0.915,0.063
2020,2021 - 2022,Associational,Libya,0.104,0.809,0.097
2020,2021 - 2022,Associational,Lithuania,0.022,0.956,0.022
2020,2021 - 2022,Associational,Luxembourg,0.063,0.904,0.034
2020,2021 - 2022,Associational,Madagascar,0.096,0.731,0.192
2020,2021 - 2022,Associational,Malawi,0.107,0.71,0.206
2020,2021 - 2022,Associational,Malaysia,0.289,0.593,0.166
2020,2021 - 2022,Associational,Maldives,0.24,0.604,0.206
2020,2021 - 2022,Associational,Mali,0.078,0.746,0.191
2020,2021 - 2022,Associational,Mauritania,0.199,0.667,0.168
2020,2021 - 2022,Associational,Mauritius,0.019,0.878,0.106
2020,2021 - 2022,Associational,Mexico,0.282,0.337,0.53
2020,2021 - 2022,Associational,Moldova,0.201,0.626,0.217
2020,2021 - 2022,Associational,Mongolia,0.031,0.911,0.06
2020,2021 - 2022,Associational,Montenegro,0.14,0.662,0.23
2020,2021 - 2022,Associational,Morocco,0.098,0.77,0.147
2020,2021 - 2022,Associational,Mozambique,0.067,0.903,0.032
2020,2021 - 2022,Associational,Myanmar,0.161,0.767,0.086
2020,2021 - 2022,Associational,Namibia,0.009,0.934,0.058
2020,2021 - 2022,Associational,Nepal,0.127,0.717,0.179
2020,2021 - 2022,Associational,Netherlands,0.208,0.775,0.021
2020,2021 - 2022,Associational,New Zealand,0.014,0.972,0.013
2020,2021 - 2022,Associational,Nicaragua,0.572,0.318,0.257
2020,2021 - 2022,Associational,Niger,0.13,0.744,0.144
2020,2021 - 2022,Associational,Nigeria,0.151,0.504,0.407
2020,2021 - 2022,Associational,North Korea,0.022,0.964,0.014
2020,2021 - 2022,Associational,North Macedonia,0.02,0.879,0.103
2020,2021 - 2022,Associational,Norway,0.097,0.844,0.066
2020,2021 - 2022,Associational,Oman,0.08,0.916,0.004
2020,2021 - 2022,Associational,Pakistan,0.287,0.496,0.304
2020,2021 - 2022,Associational,Panama,0.023,0.737,0.246
2020,2021 - 2022,Associational,Papua New Guinea,0.028,0.931,0.042
2020,2021 - 2022,Associational,Paraguay,0.073,0.856,0.077
2020,2021 - 2022,Associational,Peru,0.013,0.788,0.201
2020,2021 - 2022,Associational,Philippines,0.221,0.541,0.306
2020,2021 - 2022,Associational,Poland,0.194,0.558,0.308
2020,2021 - 2022,Associational,Portugal,0.046,0.937,0.018
2020,2021 - 2022,Associational,Qatar,0.018,0.982,0
2020,2021 - 2022,Associational,Romania,0.081,0.734,0.201
2020,2021 - 2022,Associational,Russia (Soviet Union),0.099,0.806,0.106
2020,2021 - 2022,Associational,Rwanda,0.07,0.894,0.039
2020,2021 - 2022,Associational,Saudi Arabia,0.014,0.951,0.036
2020,2021 - 2022,Associational,Senegal,0.014,0.945,0.041
2020,2021 - 2022,Associational,Serbia,0.174,0.766,0.072
2020,2021 - 2022,Associational,Sierra Leone,0.026,0.864,0.113
2020,2021 - 2022,Associational,Singapore,0.094,0.893,0.013
2020,2021 - 2022,Associational,Slovakia,0.046,0.76,0.203
2020,2021 - 2022,Associational,Slovenia,0.327,0.373,0.447
2020,2021 - 2022,Associational,Solomon Islands,0.093,0.89,0.019
2020,2021 - 2022,Associational,Somalia,0.315,0.384,0.44
2020,2021 - 2022,Associational,South Africa,0.083,0.773,0.157
2020,2021 - 2022,Associational,South Korea,0.302,0.306,0.561
2020,2021 - 2022,Associational,South Sudan,0.547,0.277,0.39
2020,2021 - 2022,Associational,Spain,0.008,0.904,0.089
2020,2021 - 2022,Associational,Sri Lanka,0.298,0.476,0.322
2020,2021 - 2022,Associational,Sudan,0.24,0.67,0.118
2020,2021 - 2022,Associational,Surinam,0.012,0.943,0.046
2020,2021 - 2022,Associational,Swaziland,0.161,0.818,0.024
2020,2021 - 2022,Associational,Sweden,0.008,0.97,0.022
2020,2021 - 2022,Associational,Switzerland,0.022,0.952,0.027
2020,2021 - 2022,Associational,Syria,0.213,0.764,0.029
2020,2021 - 2022,Associational,Taiwan,0.013,0.947,0.04
2020,2021 - 2022,Associational,Tajikistan,0.106,0.836,0.066
2020,2021 - 2022,Associational,Tanzania,0.176,0.723,0.123
2020,2021 - 2022,Associational,Thailand,0.601,0.206,0.483
2020,2021 - 2022,Associational,Togo,0.209,0.643,0.187
2020,2021 - 2022,Associational,Trinidad and Tobago,0.002,0.976,0.022
2020,2021 - 2022,Associational,Tunisia,0.009,0.926,0.066
2020,2021 - 2022,Associational,Turkey,0.226,0.644,0.169
2020,2021 - 2022,Associational,Turkmenistan,0.048,0.935,0.018
2020,2021 - 2022,Associational,Uganda,0.238,0.282,0.63
2020,2021 - 2022,Associational,Ukraine,0.152,0.65,0.233
2020,2021 - 2022,Associational,United Arab Emirates,0.038,0.948,0.014
2020,2021 - 2022,Associational,United Kingdom,0.017,0.948,0.036
2020,2021 - 2022,Associational,United States of America,0.043,0.782,0.182
2020,2021 - 2022,Associational,Uruguay,0.131,0.839,0.034
2020,2021 - 2022,Associational,Uzbekistan,0.097,0.808,0.106
2020,2021 - 2022,Associational,Venezuela,0.314,0.573,0.164
2020,2021 - 2022,Associational,Vietnam,0.135,0.822,0.05
2020,2021 - 2022,Associational,Yemen,0.198,0.64,0.202
2020,2021 - 2022,Associational,Zambia,0.223,0.388,0.5
2020,2021 - 2022,Associational,Zimbabwe (Rhodesia),0.149,0.56,0.342
2020,2021 - 2022,Economic,Afghanistan,0.413,0.523,0.109
2020,2021 - 2022,Economic,Albania,0.211,0.572,0.274
2020,2021 - 2022,Economic,Algeria,0.442,0.46,0.176
2020,2021 - 2022,Economic,Angola,0.181,0.771,0.059
2020,2021 - 2022,Economic,Argentina,0.194,0.601,0.254
2020,2021 - 2022,Economic,Armenia,0.511,0.228,0.534
2020,2021 - 2022,Economic,Australia,0.003,0.952,0.044
2020,2021 - 2022,Economic,Austria,0.167,0.494,0.408
2020,2021 - 2022,Economic,Azerbaijan,0.09,0.895,0.017
2020,2021 - 2022,Economic,Bangladesh,0.251,0.716,0.044
2020,2021 - 2022,Economic,Barbados,0.092,0.835,0.08
2020,2021 - 2022,Economic,Belarus (Byelorussia),0.24,0.589,0.224
2020,2021 - 2022,Economic,Belgium,0.002,0.98,0.018
2020,2021 - 2022,Economic,Benin,0.312,0.506,0.264
2020,2021 - 2022,Economic,Bhutan,0.067,0.67,0.282
2020,2021 - 2022,Economic,Bolivia,0.21,0.636,0.196
2020,2021 - 2022,Economic,Bosnia-Herzegovina,0.21,0.426,0.461
2020,2021 - 2022,Economic,Botswana,0.093,0.73,0.194
2020,2021 - 2022,Economic,Brazil,0.543,0.3,0.342
2020,2021 - 2022,Economic,Bulgaria,0.149,0.313,0.632
2020,2021 - 2022,Economic,Burkina Faso,0.333,0.364,0.453
2020,2021 - 2022,Economic,Burundi,0.119,0.857,0.028
2020,2021 - 2022,Economic,Cambodia (Kampuchea),0.143,0.817,0.047
2020,2021 - 2022,Economic,Cameroon,0.381,0.474,0.233
2020,2021 - 2022,Economic,Canada,0.016,0.86,0.127
2020,2021 - 2022,Economic,Cape Verde,0.061,0.887,0.056
2020,2021 - 2022,Economic,CAR,0.468,0.334,0.372
2020,2021 - 2022,Economic,Chad,0.049,0.943,0.009
2020,2021 - 2022,Economic,Chile,0.012,0.875,0.114
2020,2021 - 2022,Economic,China,0.424,0.518,0.1
2020,2021 - 2022,Economic,Colombia,0.262,0.36,0.512
2020,2021 - 2022,Economic,Comoros,0.536,0.329,0.291
2020,2021 - 2022,Economic,Congo,0.14,0.725,0.157
2020,2021 - 2022,Economic,Costa Rica,0.058,0.869,0.078
2020,2021 - 2022,Economic,Cote D'Ivoire,0.181,0.693,0.153
2020,2021 - 2022,Economic,Croatia,0.246,0.588,0.221
2020,2021 - 2022,Economic,Cuba,0.089,0.801,0.121
2020,2021 - 2022,Economic,Cyprus,0.132,0.803,0.074
2020,2021 - 2022,Economic,Czech Republic,0.093,0.829,0.086
2020,2021 - 2022,Economic,Denmark,0.009,0.888,0.104
2020,2021 - 2022,Economic,Djibouti,0.074,0.853,0.079
2020,2021 - 2022,Economic,Dominican Republic,0.469,0.3,0.434
2020,2021 - 2022,Economic,DR Congo,0.303,0.545,0.218
2020,2021 - 2022,Economic,East Timor,0.382,0.562,0.09
2020,2021 - 2022,Economic,Ecuador,0.219,0.384,0.509
2020,2021 - 2022,Economic,Egypt,0.134,0.763,0.119
2020,2021 - 2022,Economic,El Salvador,0.544,0.265,0.419
2020,2021 - 2022,Economic,Equatorial Guinea,0.028,0.89,0.084
2020,2021 - 2022,Economic,Eritrea,0.014,0.837,0.151
2020,2021 - 2022,Economic,Estonia,0.028,0.959,0.013
2020,2021 - 2022,Economic,Ethiopia,0.316,0.529,0.227
2020,2021 - 2022,Economic,Fiji,0.136,0.706,0.183
2020,2021 - 2022,Economic,Finland,0.01,0.977,0.013
2020,2021 - 2022,Economic,France,0.017,0.909,0.076
2020,2021 - 2022,Economic,Gabon,0.588,0.223,0.46
2020,2021 - 2022,Economic,Gambia,0.183,0.361,0.558
2020,2021 - 2022,Economic,Georgia,0.187,0.652,0.199
2020,2021 - 2022,Economic,German Federal Republic,0.009,0.909,0.083
2020,2021 - 2022,Economic,Ghana,0.213,0.667,0.152
2020,2021 - 2022,Economic,Greece,0.271,0.677,0.071
2020,2021 - 2022,Economic,Guatemala,0.35,0.431,0.337
2020,2021 - 2022,Economic,Guinea,0.21,0.628,0.206
2020,2021 - 2022,Economic,Guinea-Bissau,0.142,0.785,0.084
2020,2021 - 2022,Economic,Guyana,0.251,0.607,0.19
2020,2021 - 2022,Economic,Haiti,0.438,0.378,0.328
2020,2021 - 2022,Economic,Honduras,0.121,0.622,0.292
2020,2021 - 2022,Economic,Hungary,0.159,0.748,0.111
2020,2021 - 2022,Economic,Iceland,0.004,0.968,0.028
2020,2021 - 2022,Economic,India,0.216,0.513,0.347
2020,2021 - 2022,Economic,Indonesia,0.37,0.246,0.61
2020,2021 - 2022,Economic,Iran,0.164,0.564,0.324
2020,2021 - 2022,Economic,Iraq,0.291,0.651,0.082
2020,2021 - 2022,Economic,Ireland,0.007,0.983,0.01
2020,2021 - 2022,Economic,Israel,0.26,0.67,0.094
2020,2021 - 2022,Economic,Italy/Sardinia,0.068,0.844,0.094
2020,2021 - 2022,Economic,Jamaica,0.021,0.905,0.076
2020,2021 - 2022,Economic,Japan,0.008,0.966,0.027
2020,2021 - 2022,Economic,Jordan,0.073,0.849,0.083
2020,2021 - 2022,Economic,Kazakhstan,0.077,0.882,0.044
2020,2021 - 2022,Economic,Kenya,0.551,0.274,0.389
2020,2021 - 2022,Economic,Kosovo,0.28,0.662,0.08
2020,2021 - 2022,Economic,Kuwait,0.111,0.844,0.05
2020,2021 - 2022,Economic,Kyrgyz Republic,0.411,0.404,0.314
2020,2021 - 2022,Economic,Laos,0.119,0.815,0.076
2020,2021 - 2022,Economic,Latvia,0.689,0.273,0.122
2020,2021 - 2022,Economic,Lebanon,0.119,0.812,0.079
2020,2021 - 2022,Economic,Lesotho,0.299,0.344,0.51
2020,2021 - 2022,Economic,Liberia,0.119,0.781,0.113
2020,2021 - 2022,Economic,Libya,0.197,0.667,0.17
2020,2021 - 2022,Economic,Lithuania,0.509,0.433,0.119
2020,2021 - 2022,Economic,Luxembourg,0.004,0.957,0.039
2020,2021 - 2022,Economic,Madagascar,0.341,0.445,0.324
2020,2021 - 2022,Economic,Malawi,0.26,0.55,0.257
2020,2021 - 2022,Economic,Malaysia,0.187,0.738,0.092
2020,2021 - 2022,Economic,Maldives,0.202,0.711,0.109
2020,2021 - 2022,Economic,Mali,0.418,0.464,0.203
2020,2021 - 2022,Economic,Mauritania,0.316,0.545,0.204
2020,2021 - 2022,Economic,Mauritius,0.271,0.506,0.306
2020,2021 - 2022,Economic,Mexico,0.551,0.303,0.324
2020,2021 - 2022,Economic,Moldova,0.456,0.385,0.293
2020,2021 - 2022,Economic,Mongolia,0.367,0.478,0.246
2020,2021 - 2022,Economic,Montenegro,0.184,0.722,0.114
2020,2021 - 2022,Economic,Morocco,0.189,0.763,0.059
2020,2021 - 2022,Economic,Mozambique,0.094,0.851,0.06
2020,2021 - 2022,Economic,Myanmar,0.213,0.659,0.162
2020,2021 - 2022,Economic,Namibia,0.139,0.648,0.248
2020,2021 - 2022,Economic,Nepal,0.492,0.279,0.451
2020,2021 - 2022,Economic,Netherlands,0.001,0.933,0.066
2020,2021 - 2022,Economic,New Zealand,0.002,0.986,0.012
2020,2021 - 2022,Economic,Nicaragua,0.203,0.642,0.194
2020,2021 - 2022,Economic,Niger,0.207,0.586,0.261
2020,2021 - 2022,Economic,Nigeria,0.356,0.355,0.449
2020,2021 - 2022,Economic,North Korea,0.119,0.803,0.089
2020,2021 - 2022,Economic,North Macedonia,0.188,0.567,0.302
2020,2021 - 2022,Economic,Norway,0.002,0.957,0.041
2020,2021 - 2022,Economic,Oman,0.074,0.902,0.026
2020,2021 - 2022,Economic,Pakistan,0.474,0.363,0.31
2020,2021 - 2022,Economic,Panama,0.049,0.882,0.072
2020,2021 - 2022,Economic,Papua New Guinea,0.09,0.851,0.064
2020,2021 - 2022,Economic,Paraguay,0.57,0.344,0.2
2020,2021 - 2022,Economic,Peru,0.333,0.304,0.544
2020,2021 - 2022,Economic,Philippines,0.108,0.782,0.123
2020,2021 - 2022,Economic,Poland,0.139,0.623,0.277
2020,2021 - 2022,Economic,Portugal,0.113,0.781,0.119
2020,2021 - 2022,Economic,Qatar,0.059,0.928,0.014
2020,2021 - 2022,Economic,Romania,0.346,0.466,0.288
2020,2021 - 2022,Economic,Russia (Soviet Union),0.176,0.786,0.047
2020,2021 - 2022,Economic,Rwanda,0.09,0.85,0.066
2020,2021 - 2022,Economic,Saudi Arabia,0.538,0.442,0.044
2020,2021 - 2022,Economic,Senegal,0.413,0.425,0.276
2020,2021 - 2022,Economic,Serbia,0.184,0.531,0.349
2020,2021 - 2022,Economic,Sierra Leone,0.526,0.343,0.277
2020,2021 - 2022,Economic,Singapore,0.004,0.96,0.036
2020,2021 - 2022,Economic,Slovakia,0.25,0.609,0.188
2020,2021 - 2022,Economic,Slovenia,0.263,0.584,0.208
2020,2021 - 2022,Economic,Solomon Islands,0.35,0.52,0.2
2020,2021 - 2022,Economic,Somalia,0.734,0.165,0.378
2020,2021 - 2022,Economic,South Africa,0.386,0.381,0.38
2020,2021 - 2022,Economic,South Korea,0.031,0.874,0.098
2020,2021 - 2022,Economic,South Sudan,0.062,0.925,0.013
2020,2021 - 2022,Economic,Spain,0.003,0.945,0.052
2020,2021 - 2022,Economic,Sri Lanka,0.261,0.56,0.242
2020,2021 - 2022,Economic,Sudan,0.277,0.579,0.2
2020,2021 - 2022,Economic,Surinam,0.074,0.704,0.239
2020,2021 - 2022,Economic,Swaziland,0.152,0.657,0.226
2020,2021 - 2022,Economic,Sweden,0,0.988,0.012
2020,2021 - 2022,Economic,Switzerland,0.001,0.972,0.027
2020,2021 - 2022,Economic,Syria,0.354,0.464,0.281
2020,2021 - 2022,Economic,Taiwan,0.082,0.644,0.298
2020,2021 - 2022,Economic,Tajikistan,0.117,0.744,0.158
2020,2021 - 2022,Economic,Tanzania,0.364,0.485,0.237
2020,2021 - 2022,Economic,Thailand,0.283,0.582,0.188
2020,2021 - 2022,Economic,Togo,0.45,0.271,0.508
2020,2021 - 2022,Economic,Trinidad and Tobago,0.027,0.874,0.102
2020,2021 - 2022,Economic,Tunisia,0.107,0.775,0.132
2020,2021 - 2022,Economic,Turkey,0.126,0.772,0.117
2020,2021 - 2022,Economic,Turkmenistan,0.007,0.958,0.036
2020,2021 - 2022,Economic,Uganda,0.112,0.827,0.069
2020,2021 - 2022,Economic,Ukraine,0.559,0.257,0.418
2020,2021 - 2022,Economic,United Arab Emirates,0.02,0.966,0.014
2020,2021 - 2022,Economic,United Kingdom,0.004,0.878,0.118
2020,2021 - 2022,Economic,United States of America,0.093,0.666,0.266
2020,2021 - 2022,Economic,Uruguay,0.024,0.943,0.033
2020,2021 - 2022,Economic,Uzbekistan,0.134,0.787,0.091
2020,2021 - 2022,Economic,Venezuela,0.298,0.69,0.018
2020,2021 - 2022,Economic,Vietnam,0.126,0.775,0.113
2020,2021 - 2022,Economic,Yemen,0.226,0.614,0.208
2020,2021 - 2022,Economic,Zambia,0.382,0.3,0.514
2020,2021 - 2022,Economic,Zimbabwe (Rhodesia),0.221,0.636,0.183
2020,2021 - 2022,Electoral,Afghanistan,0.126,0.795,0.091
2020,2021 - 2022,Electoral,Albania,0.016,0.952,0.033
2020,2021 - 2022,Electoral,Algeria,0.096,0.864,0.044
2020,2021 - 2022,Electoral,Angola,0.026,0.943,0.032
2020,2021 - 2022,Electoral,Argentina,0,0.993,0.007
2020,2021 - 2022,Electoral,Armenia,0.388,0.6,0.02
2020,2021 - 2022,Electoral,Australia,0,0.999,0.001
2020,2021 - 2022,Electoral,Austria,0,0.994,0.006
2020,2021 - 2022,Electoral,Azerbaijan,0.032,0.896,0.074
2020,2021 - 2022,Electoral,Bangladesh,0.093,0.806,0.111
2020,2021 - 2022,Electoral,Barbados,0,0.998,0.002
2020,2021 - 2022,Electoral,Belarus (Byelorussia),0.429,0.504,0.118
2020,2021 - 2022,Electoral,Belgium,0,0.997,0.003
2020,2021 - 2022,Electoral,Benin,0.337,0.512,0.229
2020,2021 - 2022,Electoral,Bhutan,0.019,0.927,0.055
2020,2021 - 2022,Electoral,Bolivia,0.09,0.763,0.161
2020,2021 - 2022,Electoral,Bosnia-Herzegovina,0.012,0.956,0.032
2020,2021 - 2022,Electoral,Botswana,0.069,0.681,0.268
2020,2021 - 2022,Electoral,Brazil,0.043,0.874,0.086
2020,2021 - 2022,Electoral,Bulgaria,0,0.979,0.021
2020,2021 - 2022,Electoral,Burkina Faso,0.001,0.917,0.082
2020,2021 - 2022,Electoral,Burundi,0.089,0.812,0.109
2020,2021 - 2022,Electoral,Cambodia (Kampuchea),0.047,0.806,0.155
2020,2021 - 2022,Electoral,Cameroon,0.132,0.711,0.181
2020,2021 - 2022,Electoral,Canada,0,0.99,0.01
2020,2021 - 2022,Electoral,Cape Verde,0.001,0.987,0.012
2020,2021 - 2022,Electoral,CAR,0.142,0.683,0.203
2020,2021 - 2022,Electoral,Chad,0.019,0.928,0.054
2020,2021 - 2022,Electoral,Chile,0,0.987,0.013
2020,2021 - 2022,Electoral,China,0.049,0.924,0.029
2020,2021 - 2022,Electoral,Colombia,0.003,0.911,0.086
2020,2021 - 2022,Electoral,Comoros,0.198,0.559,0.303
2020,2021 - 2022,Electoral,Congo,0.132,0.783,0.098
2020,2021 - 2022,Electoral,Costa Rica,0.002,0.997,0.001
2020,2021 - 2022,Electoral,Cote D'Ivoire,0.09,0.811,0.109
2020,2021 - 2022,Electoral,Croatia,0.002,0.95,0.048
2020,2021 - 2022,Electoral,Cuba,0.023,0.968,0.009
2020,2021 - 2022,Electoral,Cyprus,0,0.962,0.038
2020,2021 - 2022,Electoral,Czech Republic,0,0.991,0.009
2020,2021 - 2022,Electoral,Denmark,0,1,0
2020,2021 - 2022,Electoral,Djibouti,0.006,0.965,0.03
2020,2021 - 2022,Electoral,Dominican Republic,0.023,0.933,0.044
2020,2021 - 2022,Electoral,DR Congo,0.01,0.931,0.06
2020,2021 - 2022,Electoral,East Timor,0.041,0.866,0.096
2020,2021 - 2022,Electoral,Ecuador,0.007,0.964,0.03
2020,2021 - 2022,Electoral,Egypt,0.033,0.825,0.146
2020,2021 - 2022,Electoral,El Salvador,0.008,0.864,0.129
2020,2021 - 2022,Electoral,Equatorial Guinea,0.011,0.961,0.028
2020,2021 - 2022,Electoral,Eritrea,0.041,0.949,0.01
2020,2021 - 2022,Electoral,Estonia,0,0.998,0.002
2020,2021 - 2022,Electoral,Ethiopia,0.113,0.815,0.081
2020,2021 - 2022,Electoral,Fiji,0.067,0.891,0.045
2020,2021 - 2022,Electoral,Finland,0,1,0
2020,2021 - 2022,Electoral,France,0,0.994,0.006
2020,2021 - 2022,Electoral,Gabon,0.208,0.737,0.07
2020,2021 - 2022,Electoral,Gambia,0.081,0.875,0.047
2020,2021 - 2022,Electoral,Georgia,0.068,0.923,0.01
2020,2021 - 2022,Electoral,German Federal Republic,0,1,0
2020,2021 - 2022,Electoral,Ghana,0,0.973,0.027
2020,2021 - 2022,Electoral,Greece,0,0.992,0.008
2020,2021 - 2022,Electoral,Guatemala,0.058,0.9,0.045
2020,2021 - 2022,Electoral,Guinea,0.147,0.719,0.157
2020,2021 - 2022,Electoral,Guinea-Bissau,0.014,0.892,0.095
2020,2021 - 2022,Electoral,Guyana,0.076,0.891,0.036
2020,2021 - 2022,Electoral,Haiti,0.102,0.821,0.085
2020,2021 - 2022,Electoral,Honduras,0.061,0.835,0.111
2020,2021 - 2022,Electoral,Hungary,0.044,0.924,0.033
2020,2021 - 2022,Electoral,Iceland,0,1,0
2020,2021 - 2022,Electoral,India,0.02,0.952,0.029
2020,2021 - 2022,Electoral,Indonesia,0.023,0.856,0.123
2020,2021 - 2022,Electoral,Iran,0.06,0.674,0.283
2020,2021 - 2022,Electoral,Iraq,0.038,0.913,0.051
2020,2021 - 2022,Electoral,Ireland,0,1,0
2020,2021 - 2022,Electoral,Israel,0,0.987,0.013
2020,2021 - 2022,Electoral,Italy/Sardinia,0,0.999,0.001
2020,2021 - 2022,Electoral,Jamaica,0,0.997,0.003
2020,2021 - 2022,Electoral,Japan,0,0.994,0.006
2020,2021 - 2022,Electoral,Jordan,0.019,0.955,0.027
2020,2021 - 2022,Electoral,Kazakhstan,0.004,0.988,0.008
2020,2021 - 2022,Electoral,Kenya,0.093,0.863,0.048
2020,2021 - 2022,Electoral,Kosovo,0,0.991,0.009
2020,2021 - 2022,Electoral,Kuwait,0.003,0.955,0.042
2020,2021 - 2022,Electoral,Kyrgyz Republic,0.439,0.508,0.095
2020,2021 - 2022,Electoral,Laos,0.007,0.988,0.006
2020,2021 - 2022,Electoral,Latvia,0,0.998,0.002
2020,2021 - 2022,Electoral,Lebanon,0.071,0.874,0.059
2020,2021 - 2022,Electoral,Lesotho,0.004,0.964,0.032
2020,2021 - 2022,Electoral,Liberia,0.001,0.979,0.02
2020,2021 - 2022,Electoral,Libya,0.137,0.822,0.047
2020,2021 - 2022,Electoral,Lithuania,0,0.997,0.003
2020,2021 - 2022,Electoral,Luxembourg,0.004,0.982,0.013
2020,2021 - 2022,Electoral,Madagascar,0.019,0.909,0.073
2020,2021 - 2022,Electoral,Malawi,0.081,0.752,0.182
2020,2021 - 2022,Electoral,Malaysia,0.034,0.952,0.014
2020,2021 - 2022,Electoral,Maldives,0.002,0.951,0.047
2020,2021 - 2022,Electoral,Mali,0.063,0.751,0.198
2020,2021 - 2022,Electoral,Mauritania,0.034,0.863,0.107
2020,2021 - 2022,Electoral,Mauritius,0.031,0.955,0.014
2020,2021 - 2022,Electoral,Mexico,0.001,0.959,0.04
2020,2021 - 2022,Electoral,Moldova,0.006,0.968,0.027
2020,2021 - 2022,Electoral,Mongolia,0,0.999,0.001
2020,2021 - 2022,Electoral,Montenegro,0.116,0.853,0.036
2020,2021 - 2022,Electoral,Morocco,0.004,0.969,0.027
2020,2021 - 2022,Electoral,Mozambique,0.003,0.975,0.022
2020,2021 - 2022,Electoral,Myanmar,0.009,0.958,0.034
2020,2021 - 2022,Electoral,Namibia,0.009,0.973,0.018
2020,2021 - 2022,Electoral,Nepal,0.001,0.939,0.06
2020,2021 - 2022,Electoral,Netherlands,0,1,0
2020,2021 - 2022,Electoral,New Zealand,0,0.998,0.002
2020,2021 - 2022,Electoral,Nicaragua,0.129,0.73,0.162
2020,2021 - 2022,Electoral,Niger,0.066,0.847,0.093
2020,2021 - 2022,Electoral,Nigeria,0.106,0.84,0.061
2020,2021 - 2022,Electoral,North Korea,0.022,0.963,0.016
2020,2021 - 2022,Electoral,North Macedonia,0.001,0.994,0.004
2020,2021 - 2022,Electoral,Norway,0,0.99,0.01
2020,2021 - 2022,Electoral,Oman,0.002,0.966,0.032
2020,2021 - 2022,Electoral,Pakistan,0.169,0.658,0.209
2020,2021 - 2022,Electoral,Panama,0,0.998,0.002
2020,2021 - 2022,Electoral,Papua New Guinea,0.063,0.886,0.054
2020,2021 - 2022,Electoral,Paraguay,0.002,0.965,0.033
2020,2021 - 2022,Electoral,Peru,0.001,0.986,0.013
2020,2021 - 2022,Electoral,Philippines,0.053,0.849,0.103
2020,2021 - 2022,Electoral,Poland,0,0.964,0.036
2020,2021 - 2022,Electoral,Portugal,0,0.999,0.001
2020,2021 - 2022,Electoral,Qatar,0.026,0.972,0.002
2020,2021 - 2022,Electoral,Romania,0.001,0.971,0.028
2020,2021 - 2022,Electoral,Russia (Soviet Union),0.026,0.951,0.024
2020,2021 - 2022,Electoral,Rwanda,0.009,0.961,0.03
2020,2021 - 2022,Electoral,Saudi Arabia,0.009,0.99,0.001
2020,2021 - 2022,Electoral,Senegal,0,0.99,0.01
2020,2021 - 2022,Electoral,Serbia,0.037,0.936,0.029
2020,2021 - 2022,Electoral,Sierra Leone,0.003,0.973,0.024
2020,2021 - 2022,Electoral,Singapore,0.113,0.794,0.104
2020,2021 - 2022,Electoral,Slovakia,0,0.997,0.003
2020,2021 - 2022,Electoral,Slovenia,0.001,0.896,0.103
2020,2021 - 2022,Electoral,Solomon Islands,0,0.972,0.028
2020,2021 - 2022,Electoral,Somalia,0.397,0.434,0.281
2020,2021 - 2022,Electoral,South Africa,0,0.983,0.017
2020,2021 - 2022,Electoral,South Korea,0,0.992,0.008
2020,2021 - 2022,Electoral,South Sudan,0.216,0.738,0.06
2020,2021 - 2022,Electoral,Spain,0,0.998,0.002
2020,2021 - 2022,Electoral,Sri Lanka,0.013,0.942,0.045
2020,2021 - 2022,Electoral,Sudan,0.644,0.328,0.077
2020,2021 - 2022,Electoral,Surinam,0,0.992,0.008
2020,2021 - 2022,Electoral,Swaziland,0.033,0.914,0.054
2020,2021 - 2022,Electoral,Sweden,0,1,0
2020,2021 - 2022,Electoral,Switzerland,0,0.992,0.008
2020,2021 - 2022,Electoral,Syria,0.202,0.684,0.143
2020,2021 - 2022,Electoral,Taiwan,0,0.989,0.011
2020,2021 - 2022,Electoral,Tajikistan,0.048,0.919,0.035
2020,2021 - 2022,Electoral,Tanzania,0.119,0.853,0.032
2020,2021 - 2022,Electoral,Thailand,0.264,0.592,0.195
2020,2021 - 2022,Electoral,Togo,0.099,0.672,0.254
2020,2021 - 2022,Electoral,Trinidad and Tobago,0,1,0
2020,2021 - 2022,Electoral,Tunisia,0,0.997,0.003
2020,2021 - 2022,Electoral,Turkey,0.03,0.889,0.084
2020,2021 - 2022,Electoral,Turkmenistan,0.001,0.991,0.008
2020,2021 - 2022,Electoral,Uganda,0.007,0.964,0.029
2020,2021 - 2022,Electoral,Ukraine,0.026,0.941,0.034
2020,2021 - 2022,Electoral,United Arab Emirates,0.008,0.965,0.028
2020,2021 - 2022,Electoral,United Kingdom,0,0.997,0.003
2020,2021 - 2022,Electoral,United States of America,0.046,0.946,0.009
2020,2021 - 2022,Electoral,Uruguay,0,0.971,0.029
2020,2021 - 2022,Electoral,Uzbekistan,0.5,0.475,0.05
2020,2021 - 2022,Electoral,Venezuela,0.273,0.559,0.231
2020,2021 - 2022,Electoral,Vietnam,0.017,0.955,0.028
2020,2021 - 2022,Electoral,Yemen,0.164,0.774,0.073
2020,2021 - 2022,Electoral,Zambia,0.197,0.714,0.111
2020,2021 - 2022,Electoral,Zimbabwe (Rhodesia),0.058,0.875,0.071
2020,2021 - 2022,Governing,Afghanistan,0.169,0.434,0.478
2020,2021 - 2022,Governing,Albania,0.046,0.811,0.15
2020,2021 - 2022,Governing,Algeria,0.142,0.781,0.09
2020,2021 - 2022,Governing,Angola,0.568,0.411,0.05
2020,2021 - 2022,Governing,Argentina,0.132,0.777,0.104
2020,2021 - 2022,Governing,Armenia,0.291,0.643,0.093
2020,2021 - 2022,Governing,Australia,0,0.999,0.001
2020,2021 - 2022,Governing,Austria,0.004,0.98,0.016
2020,2021 - 2022,Governing,Azerbaijan,0.107,0.879,0.016
2020,2021 - 2022,Governing,Bangladesh,0.129,0.84,0.036
2020,2021 - 2022,Governing,Barbados,0.029,0.964,0.008
2020,2021 - 2022,Governing,Belarus (Byelorussia),0.376,0.555,0.111
2020,2021 - 2022,Governing,Belgium,0.014,0.981,0.004
2020,2021 - 2022,Governing,Benin,0.403,0.484,0.189
2020,2021 - 2022,Governing,Bhutan,0.029,0.942,0.03
2020,2021 - 2022,Governing,Bolivia,0.302,0.541,0.224
2020,2021 - 2022,Governing,Bosnia-Herzegovina,0.176,0.726,0.119
2020,2021 - 2022,Governing,Botswana,0.342,0.558,0.151
2020,2021 - 2022,Governing,Brazil,0.326,0.477,0.293
2020,2021 - 2022,Governing,Bulgaria,0.042,0.805,0.16
2020,2021 - 2022,Governing,Burkina Faso,0.121,0.779,0.113
2020,2021 - 2022,Governing,Burundi,0.162,0.653,0.221
2020,2021 - 2022,Governing,Cambodia (Kampuchea),0.128,0.858,0.017
2020,2021 - 2022,Governing,Cameroon,0.177,0.801,0.027
2020,2021 - 2022,Governing,Canada,0.081,0.91,0.01
2020,2021 - 2022,Governing,Cape Verde,0,0.984,0.016
2020,2021 - 2022,Governing,CAR,0.379,0.382,0.384
2020,2021 - 2022,Governing,Chad,0.524,0.468,0.017
2020,2021 - 2022,Governing,Chile,0.007,0.854,0.14
2020,2021 - 2022,Governing,China,0.08,0.886,0.037
2020,2021 - 2022,Governing,Colombia,0.141,0.735,0.144
2020,2021 - 2022,Governing,Comoros,0.27,0.589,0.193
2020,2021 - 2022,Governing,Congo,0.477,0.464,0.112
2020,2021 - 2022,Governing,Costa Rica,0,0.98,0.02
2020,2021 - 2022,Governing,Cote D'Ivoire,0.213,0.671,0.147
2020,2021 - 2022,Governing,Croatia,0.016,0.891,0.094
2020,2021 - 2022,Governing,Cuba,0.281,0.665,0.076
2020,2021 - 2022,Governing,Cyprus,0.398,0.227,0.623
2020,2021 - 2022,Governing,Czech Republic,0.009,0.967,0.024
2020,2021 - 2022,Governing,Denmark,0.002,0.931,0.067
2020,2021 - 2022,Governing,Djibouti,0.114,0.869,0.019
2020,2021 - 2022,Governing,Dominican Republic,0.362,0.526,0.176
2020,2021 - 2022,Governing,DR Congo,0.1,0.824,0.084
2020,2021 - 2022,Governing,East Timor,0.114,0.802,0.094
2020,2021 - 2022,Governing,Ecuador,0.217,0.608,0.223
2020,2021 - 2022,Governing,Egypt,0.077,0.805,0.128
2020,2021 - 2022,Governing,El Salvador,0.242,0.679,0.103
2020,2021 - 2022,Governing,Equatorial Guinea,0.038,0.949,0.013
2020,2021 - 2022,Governing,Eritrea,0.031,0.946,0.023
2020,2021 - 2022,Governing,Estonia,0.023,0.952,0.026
2020,2021 - 2022,Governing,Ethiopia,0.284,0.669,0.064
2020,2021 - 2022,Governing,Fiji,0.176,0.764,0.073
2020,2021 - 2022,Governing,Finland,0.008,0.976,0.017
2020,2021 - 2022,Governing,France,0,0.967,0.033
2020,2021 - 2022,Governing,Gabon,0.253,0.686,0.081
2020,2021 - 2022,Governing,Gambia,0.461,0.507,0.059
2020,2021 - 2022,Governing,Georgia,0.094,0.858,0.052
2020,2021 - 2022,Governing,German Federal Republic,0,0.999,0.001
2020,2021 - 2022,Governing,Ghana,0.004,0.966,0.03
2020,2021 - 2022,Governing,Greece,0.02,0.964,0.017
2020,2021 - 2022,Governing,Guatemala,0.262,0.673,0.088
2020,2021 - 2022,Governing,Guinea,0.219,0.73,0.066
2020,2021 - 2022,Governing,Guinea-Bissau,0.239,0.68,0.107
2020,2021 - 2022,Governing,Guyana,0.148,0.834,0.021
2020,2021 - 2022,Governing,Haiti,0.141,0.693,0.193
2020,2021 - 2022,Governing,Honduras,0.368,0.581,0.081
2020,2021 - 2022,Governing,Hungary,0.202,0.744,0.068
2020,2021 - 2022,Governing,Iceland,0.011,0.974,0.016
2020,2021 - 2022,Governing,India,0.38,0.576,0.071
2020,2021 - 2022,Governing,Indonesia,0.281,0.562,0.219
2020,2021 - 2022,Governing,Iran,0.149,0.767,0.099
2020,2021 - 2022,Governing,Iraq,0.156,0.782,0.074
2020,2021 - 2022,Governing,Ireland,0.013,0.98,0.007
2020,2021 - 2022,Governing,Israel,0.002,0.979,0.019
2020,2021 - 2022,Governing,Italy/Sardinia,0,0.953,0.047
2020,2021 - 2022,Governing,Jamaica,0.001,0.972,0.027
2020,2021 - 2022,Governing,Japan,0.029,0.914,0.059
2020,2021 - 2022,Governing,Jordan,0.11,0.843,0.053
2020,2021 - 2022,Governing,Kazakhstan,0.049,0.938,0.013
2020,2021 - 2022,Governing,Kenya,0.018,0.901,0.082
2020,2021 - 2022,Governing,Kosovo,0.077,0.879,0.048
2020,2021 - 2022,Governing,Kuwait,0.087,0.855,0.063
2020,2021 - 2022,Governing,Kyrgyz Republic,0.297,0.544,0.226
2020,2021 - 2022,Governing,Laos,0.17,0.687,0.172
2020,2021 - 2022,Governing,Latvia,0.002,0.987,0.011
2020,2021 - 2022,Governing,Lebanon,0.087,0.873,0.044
2020,2021 - 2022,Governing,Lesotho,0.1,0.847,0.059
2020,2021 - 2022,Governing,Liberia,0.152,0.623,0.266
2020,2021 - 2022,Governing,Libya,0.137,0.812,0.06
2020,2021 - 2022,Governing,Lithuania,0,0.999,0.001
2020,2021 - 2022,Governing,Luxembourg,0.012,0.978,0.01
2020,2021 - 2022,Governing,Madagascar,0.249,0.45,0.401
2020,2021 - 2022,Governing,Malawi,0.036,0.809,0.161
2020,2021 - 2022,Governing,Malaysia,0.269,0.504,0.311
2020,2021 - 2022,Governing,Maldives,0.056,0.79,0.163
2020,2021 - 2022,Governing,Mali,0.303,0.41,0.411
2020,2021 - 2022,Governing,Mauritania,0.17,0.726,0.126
2020,2021 - 2022,Governing,Mauritius,0.057,0.698,0.26
2020,2021 - 2022,Governing,Mexico,0.301,0.583,0.166
2020,2021 - 2022,Governing,Moldova,0.313,0.574,0.164
2020,2021 - 2022,Governing,Mongolia,0.143,0.822,0.04
2020,2021 - 2022,Governing,Montenegro,0.169,0.687,0.173
2020,2021 - 2022,Governing,Morocco,0.154,0.76,0.102
2020,2021 - 2022,Governing,Mozambique,0.07,0.902,0.03
2020,2021 - 2022,Governing,Myanmar,0.309,0.658,0.048
2020,2021 - 2022,Governing,Namibia,0.021,0.938,0.042
2020,2021 - 2022,Governing,Nepal,0.026,0.911,0.066
2020,2021 - 2022,Governing,Netherlands,0.003,0.947,0.05
2020,2021 - 2022,Governing,New Zealand,0.007,0.993,0
2020,2021 - 2022,Governing,Nicaragua,0.333,0.64,0.04
2020,2021 - 2022,Governing,Niger,0.079,0.819,0.111
2020,2021 - 2022,Governing,Nigeria,0.221,0.704,0.097
2020,2021 - 2022,Governing,North Korea,0.018,0.906,0.078
2020,2021 - 2022,Governing,North Macedonia,0.094,0.841,0.071
2020,2021 - 2022,Governing,Norway,0.068,0.864,0.073
2020,2021 - 2022,Governing,Oman,0.053,0.931,0.017
2020,2021 - 2022,Governing,Pakistan,0.352,0.497,0.232
2020,2021 - 2022,Governing,Panama,0.054,0.93,0.017
2020,2021 - 2022,Governing,Papua New Guinea,0.078,0.868,0.059
2020,2021 - 2022,Governing,Paraguay,0.164,0.764,0.086
2020,2021 - 2022,Governing,Peru,0.017,0.682,0.307
2020,2021 - 2022,Governing,Philippines,0.153,0.29,0.658
2020,2021 - 2022,Governing,Poland,0.192,0.655,0.189
2020,2021 - 2022,Governing,Portugal,0,0.941,0.059
2020,2021 - 2022,Governing,Qatar,0.013,0.977,0.01
2020,2021 - 2022,Governing,Romania,0.087,0.733,0.198
2020,2021 - 2022,Governing,Russia (Soviet Union),0.144,0.814,0.049
2020,2021 - 2022,Governing,Rwanda,0.062,0.876,0.066
2020,2021 - 2022,Governing,Saudi Arabia,0.023,0.968,0.009
2020,2021 - 2022,Governing,Senegal,0.061,0.874,0.069
2020,2021 - 2022,Governing,Serbia,0.178,0.64,0.221
2020,2021 - 2022,Governing,Sierra Leone,0.249,0.685,0.088
2020,2021 - 2022,Governing,Singapore,0.147,0.81,0.051
2020,2021 - 2022,Governing,Slovakia,0.002,0.942,0.056
2020,2021 - 2022,Governing,Slovenia,0.089,0.742,0.186
2020,2021 - 2022,Governing,Solomon Islands,0.106,0.865,0.033
2020,2021 - 2022,Governing,Somalia,0.193,0.474,0.412
2020,2021 - 2022,Governing,South Africa,0.012,0.907,0.082
2020,2021 - 2022,Governing,South Korea,0.003,0.978,0.019
2020,2021 - 2022,Governing,South Sudan,0.191,0.641,0.208
2020,2021 - 2022,Governing,Spain,0.024,0.635,0.349
2020,2021 - 2022,Governing,Sri Lanka,0.306,0.6,0.137
2020,2021 - 2022,Governing,Sudan,0.396,0.5,0.173
2020,2021 - 2022,Governing,Surinam,0.009,0.969,0.022
2020,2021 - 2022,Governing,Swaziland,0.067,0.853,0.086
2020,2021 - 2022,Governing,Sweden,0,0.938,0.062
2020,2021 - 2022,Governing,Switzerland,0.017,0.937,0.047
2020,2021 - 2022,Governing,Syria,0.34,0.587,0.11
2020,2021 - 2022,Governing,Taiwan,0.017,0.978,0.006
2020,2021 - 2022,Governing,Tajikistan,0.069,0.902,0.031
2020,2021 - 2022,Governing,Tanzania,0.059,0.665,0.293
2020,2021 - 2022,Governing,Thailand,0.49,0.312,0.388
2020,2021 - 2022,Governing,Togo,0.406,0.446,0.249
2020,2021 - 2022,Governing,Trinidad and Tobago,0.004,0.994,0.001
2020,2021 - 2022,Governing,Tunisia,0.001,0.972,0.027
2020,2021 - 2022,Governing,Turkey,0.53,0.33,0.298
2020,2021 - 2022,Governing,Turkmenistan,0.357,0.638,0.009
2020,2021 - 2022,Governing,Uganda,0.054,0.933,0.013
2020,2021 - 2022,Governing,Ukraine,0.253,0.533,0.286
2020,2021 - 2022,Governing,United Arab Emirates,0.114,0.87,0.018
2020,2021 - 2022,Governing,United Kingdom,0.02,0.954,0.027
2020,2021 - 2022,Governing,United States of America,0.017,0.901,0.083
2020,2021 - 2022,Governing,Uruguay,0.004,0.965,0.031
2020,2021 - 2022,Governing,Uzbekistan,0.33,0.66,0.014
2020,2021 - 2022,Governing,Venezuela,0.407,0.381,0.358
2020,2021 - 2022,Governing,Vietnam,0.258,0.347,0.532
2020,2021 - 2022,Governing,Yemen,0.246,0.453,0.4
2020,2021 - 2022,Governing,Zambia,0.278,0.469,0.351
2020,2021 - 2022,Governing,Zimbabwe (Rhodesia),0.229,0.712,0.077
2020,2021 - 2022,Individual,Afghanistan,0.316,0.552,0.194
2020,2021 - 2022,Individual,Albania,0.048,0.8,0.16
2020,2021 - 2022,Individual,Algeria,0.317,0.468,0.314
2020,2021 - 2022,Individual,Angola,0.079,0.886,0.038
2020,2021 - 2022,Individual,Argentina,0.001,0.906,0.093
2020,2021 - 2022,Individual,Armenia,0.083,0.752,0.18
2020,2021 - 2022,Individual,Australia,0,0.989,0.011
2020,2021 - 2022,Individual,Austria,0.009,0.983,0.008
2020,2021 - 2022,Individual,Azerbaijan,0.279,0.506,0.299
2020,2021 - 2022,Individual,Bangladesh,0.15,0.349,0.589
2020,2021 - 2022,Individual,Barbados,0,0.993,0.007
2020,2021 - 2022,Individual,Belarus (Byelorussia),0.502,0.404,0.188
2020,2021 - 2022,Individual,Belgium,0.032,0.968,0
2020,2021 - 2022,Individual,Benin,0.118,0.57,0.354
2020,2021 - 2022,Individual,Bhutan,0.113,0.849,0.042
2020,2021 - 2022,Individual,Bolivia,0.233,0.496,0.353
2020,2021 - 2022,Individual,Bosnia-Herzegovina,0.217,0.587,0.251
2020,2021 - 2022,Individual,Botswana,0.021,0.935,0.044
2020,2021 - 2022,Individual,Brazil,0.287,0.239,0.666
2020,2021 - 2022,Individual,Bulgaria,0.007,0.872,0.122
2020,2021 - 2022,Individual,Burkina Faso,0.176,0.644,0.219
2020,2021 - 2022,Individual,Burundi,0.317,0.642,0.061
2020,2021 - 2022,Individual,Cambodia (Kampuchea),0.156,0.78,0.077
2020,2021 - 2022,Individual,Cameroon,0.29,0.56,0.211
2020,2021 - 2022,Individual,Canada,0,0.977,0.023
2020,2021 - 2022,Individual,Cape Verde,0.003,0.979,0.018
2020,2021 - 2022,Individual,CAR,0.349,0.516,0.208
2020,2021 - 2022,Individual,Chad,0.11,0.858,0.036
2020,2021 - 2022,Individual,Chile,0.009,0.858,0.134
2020,2021 - 2022,Individual,China,0.081,0.906,0.014
2020,2021 - 2022,Individual,Colombia,0.319,0.344,0.496
2020,2021 - 2022,Individual,Comoros,0.212,0.467,0.407
2020,2021 - 2022,Individual,Congo,0.466,0.35,0.345
2020,2021 - 2022,Individual,Costa Rica,0,0.978,0.022
2020,2021 - 2022,Individual,Cote D'Ivoire,0.204,0.667,0.161
2020,2021 - 2022,Individual,Croatia,0.138,0.767,0.11
2020,2021 - 2022,Individual,Cuba,0.164,0.818,0.021
2020,2021 - 2022,Individual,Cyprus,0.021,0.811,0.171
2020,2021 - 2022,Individual,Czech Republic,0.04,0.894,0.069
2020,2021 - 2022,Individual,Denmark,0.003,0.972,0.024
2020,2021 - 2022,Individual,Djibouti,0.101,0.836,0.07
2020,2021 - 2022,Individual,Dominican Republic,0.129,0.739,0.152
2020,2021 - 2022,Individual,DR Congo,0.28,0.659,0.084
2020,2021 - 2022,Individual,East Timor,0.21,0.535,0.322
2020,2021 - 2022,Individual,Ecuador,0.047,0.855,0.103
2020,2021 - 2022,Individual,Egypt,0.314,0.652,0.049
2020,2021 - 2022,Individual,El Salvador,0.327,0.416,0.382
2020,2021 - 2022,Individual,Equatorial Guinea,0.039,0.934,0.028
2020,2021 - 2022,Individual,Eritrea,0.088,0.904,0.009
2020,2021 - 2022,Individual,Estonia,0.01,0.978,0.012
2020,2021 - 2022,Individual,Ethiopia,0.253,0.581,0.222
2020,2021 - 2022,Individual,Fiji,0.13,0.748,0.14
2020,2021 - 2022,Individual,Finland,0,0.984,0.016
2020,2021 - 2022,Individual,France,0,0.974,0.026
2020,2021 - 2022,Individual,Gabon,0.09,0.792,0.13
2020,2021 - 2022,Individual,Gambia,0.184,0.702,0.139
2020,2021 - 2022,Individual,Georgia,0.06,0.865,0.08
2020,2021 - 2022,Individual,German Federal Republic,0,0.992,0.008
2020,2021 - 2022,Individual,Ghana,0.004,0.902,0.094
2020,2021 - 2022,Individual,Greece,0.058,0.913,0.031
2020,2021 - 2022,Individual,Guatemala,0.143,0.796,0.071
2020,2021 - 2022,Individual,Guinea,0.337,0.525,0.209
2020,2021 - 2022,Individual,Guinea-Bissau,0.41,0.529,0.103
2020,2021 - 2022,Individual,Guyana,0.022,0.852,0.129
2020,2021 - 2022,Individual,Haiti,0.201,0.62,0.223
2020,2021 - 2022,Individual,Honduras,0.302,0.65,0.069
2020,2021 - 2022,Individual,Hungary,0.051,0.713,0.249
2020,2021 - 2022,Individual,Iceland,0.001,0.947,0.052
2020,2021 - 2022,Individual,India,0.224,0.277,0.642
2020,2021 - 2022,Individual,Indonesia,0.239,0.592,0.222
2020,2021 - 2022,Individual,Iran,0.174,0.689,0.166
2020,2021 - 2022,Individual,Iraq,0.239,0.512,0.327
2020,2021 - 2022,Individual,Ireland,0,0.992,0.008
2020,2021 - 2022,Individual,Israel,0.004,0.973,0.022
2020,2021 - 2022,Individual,Italy/Sardinia,0,0.977,0.023
2020,2021 - 2022,Individual,Jamaica,0.001,0.953,0.046
2020,2021 - 2022,Individual,Japan,0.017,0.892,0.093
2020,2021 - 2022,Individual,Jordan,0.096,0.876,0.031
2020,2021 - 2022,Individual,Kazakhstan,0.268,0.595,0.188
2020,2021 - 2022,Individual,Kenya,0.082,0.846,0.078
2020,2021 - 2022,Individual,Kosovo,0.259,0.693,0.066
2020,2021 - 2022,Individual,Kuwait,0.047,0.908,0.048
2020,2021 - 2022,Individual,Kyrgyz Republic,0.398,0.477,0.208
2020,2021 - 2022,Individual,Laos,0.091,0.893,0.017
2020,2021 - 2022,Individual,Latvia,0,0.979,0.021
2020,2021 - 2022,Individual,Lebanon,0.273,0.664,0.086
2020,2021 - 2022,Individual,Lesotho,0.111,0.779,0.123
2020,2021 - 2022,Individual,Liberia,0.102,0.666,0.258
2020,2021 - 2022,Individual,Libya,0.144,0.774,0.096
2020,2021 - 2022,Individual,Lithuania,0.001,0.971,0.028
2020,2021 - 2022,Individual,Luxembourg,0.48,0.512,0.014
2020,2021 - 2022,Individual,Madagascar,0.212,0.68,0.137
2020,2021 - 2022,Individual,Malawi,0.048,0.815,0.144
2020,2021 - 2022,Individual,Malaysia,0.23,0.65,0.156
2020,2021 - 2022,Individual,Maldives,0.172,0.676,0.183
2020,2021 - 2022,Individual,Mali,0.327,0.542,0.194
2020,2021 - 2022,Individual,Mauritania,0.254,0.586,0.214
2020,2021 - 2022,Individual,Mauritius,0.097,0.779,0.138
2020,2021 - 2022,Individual,Mexico,0.126,0.458,0.477
2020,2021 - 2022,Individual,Moldova,0.077,0.716,0.224
2020,2021 - 2022,Individual,Mongolia,0.019,0.929,0.053
2020,2021 - 2022,Individual,Montenegro,0.356,0.268,0.584
2020,2021 - 2022,Individual,Morocco,0.064,0.861,0.08
2020,2021 - 2022,Individual,Mozambique,0.076,0.807,0.127
2020,2021 - 2022,Individual,Myanmar,0.433,0.509,0.101
2020,2021 - 2022,Individual,Namibia,0.007,0.885,0.109
2020,2021 - 2022,Individual,Nepal,0.096,0.783,0.134
2020,2021 - 2022,Individual,Netherlands,0,0.968,0.032
2020,2021 - 2022,Individual,New Zealand,0.003,0.994,0.002
2020,2021 - 2022,Individual,Nicaragua,0.259,0.47,0.366
2020,2021 - 2022,Individual,Niger,0.196,0.732,0.09
2020,2021 - 2022,Individual,Nigeria,0.162,0.767,0.084
2020,2021 - 2022,Individual,North Korea,0.062,0.918,0.021
2020,2021 - 2022,Individual,North Macedonia,0.224,0.717,0.076
2020,2021 - 2022,Individual,Norway,0.028,0.932,0.041
2020,2021 - 2022,Individual,Oman,0.116,0.869,0.018
2020,2021 - 2022,Individual,Pakistan,0.228,0.458,0.406
2020,2021 - 2022,Individual,Panama,0.011,0.897,0.093
2020,2021 - 2022,Individual,Papua New Guinea,0.036,0.908,0.059
2020,2021 - 2022,Individual,Paraguay,0.094,0.871,0.038
2020,2021 - 2022,Individual,Peru,0.086,0.802,0.123
2020,2021 - 2022,Individual,Philippines,0.153,0.552,0.348
2020,2021 - 2022,Individual,Poland,0.078,0.721,0.218
2020,2021 - 2022,Individual,Portugal,0.001,0.887,0.112
2020,2021 - 2022,Individual,Qatar,0.07,0.926,0.004
2020,2021 - 2022,Individual,Romania,0.056,0.706,0.252
2020,2021 - 2022,Individual,Russia (Soviet Union),0.139,0.781,0.093
2020,2021 - 2022,Individual,Rwanda,0.081,0.601,0.346
2020,2021 - 2022,Individual,Saudi Arabia,0.018,0.972,0.01
2020,2021 - 2022,Individual,Senegal,0.008,0.953,0.04
2020,2021 - 2022,Individual,Serbia,0.11,0.82,0.079
2020,2021 - 2022,Individual,Sierra Leone,0.136,0.808,0.066
2020,2021 - 2022,Individual,Singapore,0.044,0.939,0.018
2020,2021 - 2022,Individual,Slovakia,0.002,0.916,0.082
2020,2021 - 2022,Individual,Slovenia,0.201,0.478,0.401
2020,2021 - 2022,Individual,Solomon Islands,0.072,0.883,0.049
2020,2021 - 2022,Individual,Somalia,0.26,0.465,0.371
2020,2021 - 2022,Individual,South Africa,0.033,0.821,0.151
2020,2021 - 2022,Individual,South Korea,0.003,0.989,0.008
2020,2021 - 2022,Individual,South Sudan,0.124,0.704,0.196
2020,2021 - 2022,Individual,Spain,0.002,0.946,0.052
2020,2021 - 2022,Individual,Sri Lanka,0.367,0.442,0.302
2020,2021 - 2022,Individual,Sudan,0.27,0.638,0.127
2020,2021 - 2022,Individual,Surinam,0.05,0.625,0.342
2020,2021 - 2022,Individual,Swaziland,0.35,0.638,0.018
2020,2021 - 2022,Individual,Sweden,0.002,0.982,0.016
2020,2021 - 2022,Individual,Switzerland,0.007,0.975,0.019
2020,2021 - 2022,Individual,Syria,0.151,0.808,0.048
2020,2021 - 2022,Individual,Taiwan,0.008,0.954,0.039
2020,2021 - 2022,Individual,Tajikistan,0.086,0.878,0.04
2020,2021 - 2022,Individual,Tanzania,0.122,0.799,0.09
2020,2021 - 2022,Individual,Thailand,0.447,0.336,0.392
2020,2021 - 2022,Individual,Togo,0.258,0.548,0.262
2020,2021 - 2022,Individual,Trinidad and Tobago,0.002,0.99,0.008
2020,2021 - 2022,Individual,Tunisia,0.246,0.737,0.023
2020,2021 - 2022,Individual,Turkey,0.206,0.683,0.14
2020,2021 - 2022,Individual,Turkmenistan,0.046,0.953,0.001
2020,2021 - 2022,Individual,Uganda,0.122,0.493,0.439
2020,2021 - 2022,Individual,Ukraine,0.223,0.612,0.212
2020,2021 - 2022,Individual,United Arab Emirates,0.022,0.963,0.016
2020,2021 - 2022,Individual,United Kingdom,0.176,0.821,0.004
2020,2021 - 2022,Individual,United States of America,0.001,0.89,0.109
2020,2021 - 2022,Individual,Uruguay,0.002,0.966,0.032
2020,2021 - 2022,Individual,Uzbekistan,0.461,0.456,0.154
2020,2021 - 2022,Individual,Venezuela,0.369,0.387,0.386
2020,2021 - 2022,Individual,Vietnam,0.151,0.444,0.477
2020,2021 - 2022,Individual,Yemen,0.164,0.776,0.071
2020,2021 - 2022,Individual,Zambia,0.229,0.482,0.374
2020,2021 - 2022,Individual,Zimbabwe (Rhodesia),0.478,0.277,0.469
2020,2021 - 2022,Informational,Afghanistan,0.283,0.571,0.203
2020,2021 - 2022,Informational,Albania,0.168,0.329,0.604
2020,2021 - 2022,Informational,Algeria,0.176,0.567,0.312
2020,2021 - 2022,Informational,Angola,0.164,0.804,0.038
2020,2021 - 2022,Informational,Argentina,0.409,0.529,0.104
2020,2021 - 2022,Informational,Armenia,0.024,0.839,0.14
2020,2021 - 2022,Informational,Australia,0.003,0.988,0.009
2020,2021 - 2022,Informational,Austria,0.007,0.961,0.032
2020,2021 - 2022,Informational,Azerbaijan,0.25,0.738,0.016
2020,2021 - 2022,Informational,Bangladesh,0.127,0.303,0.653
2020,2021 - 2022,Informational,Barbados,0.003,0.989,0.008
2020,2021 - 2022,Informational,Belarus (Byelorussia),0.419,0.475,0.183
2020,2021 - 2022,Informational,Belgium,0.007,0.99,0.003
2020,2021 - 2022,Informational,Benin,0.34,0.477,0.278
2020,2021 - 2022,Informational,Bhutan,0.156,0.718,0.15
2020,2021 - 2022,Informational,Bolivia,0.164,0.528,0.368
2020,2021 - 2022,Informational,Bosnia-Herzegovina,0.156,0.722,0.144
2020,2021 - 2022,Informational,Botswana,0.032,0.947,0.021
2020,2021 - 2022,Informational,Brazil,0.457,0.214,0.607
2020,2021 - 2022,Informational,Bulgaria,0.117,0.754,0.147
2020,2021 - 2022,Informational,Burkina Faso,0.017,0.889,0.096
2020,2021 - 2022,Informational,Burundi,0.217,0.74,0.056
2020,2021 - 2022,Informational,Cambodia (Kampuchea),0.132,0.818,0.058
2020,2021 - 2022,Informational,Cameroon,0.217,0.695,0.112
2020,2021 - 2022,Informational,Canada,0.008,0.968,0.024
2020,2021 - 2022,Informational,Cape Verde,0.001,0.973,0.026
2020,2021 - 2022,Informational,CAR,0.284,0.506,0.292
2020,2021 - 2022,Informational,Chad,0.117,0.805,0.089
2020,2021 - 2022,Informational,Chile,0.064,0.371,0.603
2020,2021 - 2022,Informational,China,0.042,0.949,0.009
2020,2021 - 2022,Informational,Colombia,0.444,0.247,0.556
2020,2021 - 2022,Informational,Comoros,0.249,0.538,0.283
2020,2021 - 2022,Informational,Congo,0.219,0.546,0.301
2020,2021 - 2022,Informational,Costa Rica,0,0.974,0.026
2020,2021 - 2022,Informational,Cote D'Ivoire,0.123,0.789,0.1
2020,2021 - 2022,Informational,Croatia,0.088,0.752,0.176
2020,2021 - 2022,Informational,Cuba,0.122,0.864,0.016
2020,2021 - 2022,Informational,Cyprus,0.012,0.54,0.453
2020,2021 - 2022,Informational,Czech Republic,0.013,0.921,0.067
2020,2021 - 2022,Informational,Denmark,0.002,0.905,0.093
2020,2021 - 2022,Informational,Djibouti,0.23,0.732,0.049
2020,2021 - 2022,Informational,Dominican Republic,0.017,0.656,0.333
2020,2021 - 2022,Informational,DR Congo,0.066,0.881,0.057
2020,2021 - 2022,Informational,East Timor,0.049,0.863,0.092
2020,2021 - 2022,Informational,Ecuador,0.162,0.637,0.24
2020,2021 - 2022,Informational,Egypt,0.138,0.85,0.014
2020,2021 - 2022,Informational,El Salvador,0.33,0.329,0.509
2020,2021 - 2022,Informational,Equatorial Guinea,0.038,0.949,0.013
2020,2021 - 2022,Informational,Eritrea,0.03,0.958,0.012
2020,2021 - 2022,Informational,Estonia,0.016,0.942,0.043
2020,2021 - 2022,Informational,Ethiopia,0.469,0.459,0.137
2020,2021 - 2022,Informational,Fiji,0.252,0.678,0.093
2020,2021 - 2022,Informational,Finland,0,0.983,0.017
2020,2021 - 2022,Informational,France,0.012,0.96,0.028
2020,2021 - 2022,Informational,Gabon,0.227,0.69,0.108
2020,2021 - 2022,Informational,Gambia,0.421,0.528,0.088
2020,2021 - 2022,Informational,Georgia,0.028,0.921,0.052
2020,2021 - 2022,Informational,German Federal Republic,0,0.996,0.004
2020,2021 - 2022,Informational,Ghana,0.014,0.93,0.057
2020,2021 - 2022,Informational,Greece,0.002,0.959,0.039
2020,2021 - 2022,Informational,Guatemala,0.237,0.556,0.272
2020,2021 - 2022,Informational,Guinea,0.212,0.736,0.066
2020,2021 - 2022,Informational,Guinea-Bissau,0.074,0.85,0.081
2020,2021 - 2022,Informational,Guyana,0.021,0.872,0.109
2020,2021 - 2022,Informational,Haiti,0.166,0.664,0.204
2020,2021 - 2022,Informational,Honduras,0.102,0.831,0.074
2020,2021 - 2022,Informational,Hungary,0.227,0.524,0.322
2020,2021 - 2022,Informational,Iceland,0.003,0.93,0.067
2020,2021 - 2022,Informational,India,0.26,0.534,0.279
2020,2021 - 2022,Informational,Indonesia,0.527,0.298,0.371
2020,2021 - 2022,Informational,Iran,0.188,0.722,0.111
2020,2021 - 2022,Informational,Iraq,0.141,0.553,0.357
2020,2021 - 2022,Informational,Ireland,0.002,0.993,0.004
2020,2021 - 2022,Informational,Israel,0.019,0.911,0.071
2020,2021 - 2022,Informational,Italy/Sardinia,0.01,0.973,0.017
2020,2021 - 2022,Informational,Jamaica,0.001,0.978,0.021
2020,2021 - 2022,Informational,Japan,0.008,0.913,0.08
2020,2021 - 2022,Informational,Jordan,0.1,0.833,0.074
2020,2021 - 2022,Informational,Kazakhstan,0.023,0.934,0.043
2020,2021 - 2022,Informational,Kenya,0.089,0.821,0.098
2020,2021 - 2022,Informational,Kosovo,0.029,0.944,0.028
2020,2021 - 2022,Informational,Kuwait,0.096,0.883,0.023
2020,2021 - 2022,Informational,Kyrgyz Republic,0.281,0.562,0.218
2020,2021 - 2022,Informational,Laos,0.031,0.962,0.007
2020,2021 - 2022,Informational,Latvia,0.001,0.987,0.012
2020,2021 - 2022,Informational,Lebanon,0.097,0.838,0.072
2020,2021 - 2022,Informational,Lesotho,0.029,0.937,0.036
2020,2021 - 2022,Informational,Liberia,0.008,0.913,0.08
2020,2021 - 2022,Informational,Libya,0.149,0.672,0.21
2020,2021 - 2022,Informational,Lithuania,0.001,0.97,0.029
2020,2021 - 2022,Informational,Luxembourg,0.312,0.68,0.011
2020,2021 - 2022,Informational,Madagascar,0.111,0.654,0.264
2020,2021 - 2022,Informational,Malawi,0.042,0.863,0.099
2020,2021 - 2022,Informational,Malaysia,0.324,0.444,0.342
2020,2021 - 2022,Informational,Maldives,0.127,0.697,0.202
2020,2021 - 2022,Informational,Mali,0.087,0.814,0.109
2020,2021 - 2022,Informational,Mauritania,0.208,0.669,0.156
2020,2021 - 2022,Informational,Mauritius,0.166,0.721,0.136
2020,2021 - 2022,Informational,Mexico,0.464,0.253,0.528
2020,2021 - 2022,Informational,Moldova,0.293,0.536,0.241
2020,2021 - 2022,Informational,Mongolia,0.008,0.889,0.104
2020,2021 - 2022,Informational,Montenegro,0.161,0.702,0.163
2020,2021 - 2022,Informational,Morocco,0.149,0.799,0.061
2020,2021 - 2022,Informational,Mozambique,0.05,0.85,0.106
2020,2021 - 2022,Informational,Myanmar,0.384,0.566,0.081
2020,2021 - 2022,Informational,Namibia,0.009,0.957,0.034
2020,2021 - 2022,Informational,Nepal,0.087,0.477,0.478
2020,2021 - 2022,Informational,Netherlands,0.003,0.99,0.007
2020,2021 - 2022,Informational,New Zealand,0.001,0.994,0.004
2020,2021 - 2022,Informational,Nicaragua,0.337,0.444,0.331
2020,2021 - 2022,Informational,Niger,0.014,0.886,0.101
2020,2021 - 2022,Informational,Nigeria,0.013,0.857,0.131
2020,2021 - 2022,Informational,North Korea,0.013,0.976,0.011
2020,2021 - 2022,Informational,North Macedonia,0.051,0.854,0.1
2020,2021 - 2022,Informational,Norway,0.009,0.938,0.053
2020,2021 - 2022,Informational,Oman,0.102,0.891,0.008
2020,2021 - 2022,Informational,Pakistan,0.258,0.321,0.568
2020,2021 - 2022,Informational,Panama,0.003,0.95,0.047
2020,2021 - 2022,Informational,Papua New Guinea,0.03,0.909,0.063
2020,2021 - 2022,Informational,Paraguay,0.05,0.87,0.084
2020,2021 - 2022,Informational,Peru,0.012,0.789,0.201
2020,2021 - 2022,Informational,Philippines,0.227,0.375,0.515
2020,2021 - 2022,Informational,Poland,0.216,0.659,0.16
2020,2021 - 2022,Informational,Portugal,0.012,0.924,0.064
2020,2021 - 2022,Informational,Qatar,0.004,0.996,0
2020,2021 - 2022,Informational,Romania,0.02,0.711,0.274
2020,2021 - 2022,Informational,Russia (Soviet Union),0.139,0.814,0.054
2020,2021 - 2022,Informational,Rwanda,0.048,0.931,0.022
2020,2021 - 2022,Informational,Saudi Arabia,0.017,0.978,0.006
2020,2021 - 2022,Informational,Senegal,0.032,0.934,0.034
2020,2021 - 2022,Informational,Serbia,0.233,0.7,0.087
2020,2021 - 2022,Informational,Sierra Leone,0.028,0.906,0.068
2020,2021 - 2022,Informational,Singapore,0.089,0.901,0.011
2020,2021 - 2022,Informational,Slovakia,0.002,0.869,0.129
2020,2021 - 2022,Informational,Slovenia,0.352,0.422,0.349
2020,2021 - 2022,Informational,Solomon Islands,0.002,0.971,0.027
2020,2021 - 2022,Informational,Somalia,0.499,0.281,0.439
2020,2021 - 2022,Informational,South Africa,0.004,0.876,0.12
2020,2021 - 2022,Informational,South Korea,0.012,0.886,0.103
2020,2021 - 2022,Informational,South Sudan,0.363,0.502,0.211
2020,2021 - 2022,Informational,Spain,0.006,0.926,0.069
2020,2021 - 2022,Informational,Sri Lanka,0.264,0.472,0.359
2020,2021 - 2022,Informational,Sudan,0.211,0.695,0.119
2020,2021 - 2022,Informational,Surinam,0.007,0.971,0.022
2020,2021 - 2022,Informational,Swaziland,0.153,0.837,0.011
2020,2021 - 2022,Informational,Sweden,0.001,0.991,0.008
2020,2021 - 2022,Informational,Switzerland,0.008,0.983,0.009
2020,2021 - 2022,Informational,Syria,0.228,0.749,0.03
2020,2021 - 2022,Informational,Taiwan,0.021,0.959,0.02
2020,2021 - 2022,Informational,Tajikistan,0.086,0.863,0.057
2020,2021 - 2022,Informational,Tanzania,0.177,0.714,0.132
2020,2021 - 2022,Informational,Thailand,0.59,0.284,0.307
2020,2021 - 2022,Informational,Togo,0.18,0.66,0.196
2020,2021 - 2022,Informational,Trinidad and Tobago,0.001,0.994,0.004
2020,2021 - 2022,Informational,Tunisia,0.014,0.958,0.028
2020,2021 - 2022,Informational,Turkey,0.21,0.693,0.123
2020,2021 - 2022,Informational,Turkmenistan,0.047,0.951,0.002
2020,2021 - 2022,Informational,Uganda,0.061,0.899,0.042
2020,2021 - 2022,Informational,Ukraine,0.217,0.596,0.239
2020,2021 - 2022,Informational,United Arab Emirates,0.013,0.983,0.003
2020,2021 - 2022,Informational,United Kingdom,0.061,0.927,0.012
2020,2021 - 2022,Informational,United States of America,0.023,0.867,0.112
2020,2021 - 2022,Informational,Uruguay,0.016,0.941,0.044
2020,2021 - 2022,Informational,Uzbekistan,0.446,0.488,0.12
2020,2021 - 2022,Informational,Venezuela,0.301,0.481,0.312
2020,2021 - 2022,Informational,Vietnam,0.108,0.873,0.021
2020,2021 - 2022,Informational,Yemen,0.696,0.195,0.359
2020,2021 - 2022,Informational,Zambia,0.249,0.562,0.252
2020,2021 - 2022,Informational,Zimbabwe (Rhodesia),0.277,0.505,0.302
